[
  {
    "start": "2022-04-14T00:00Z",
    "end": "2022-04-14T23:59Z",
    "year": 2022,
    "stateCode": "BW",
    "name": "osterferien",
    "name_cp": "Osterferien",
    "slug": "osterferien-2022-BW"
  },
  {
    "start": "2022-06-07T00:00Z",
    "end": "2022-06-18T23:59Z",
    "year": 2022,
    "stateCode": "BW",
    "name": "pfingstferien",
    "name_cp": "Pfingstferien",
    "slug": "pfingstferien-2022-BW"
  },
  {
    "start": "2022-07-28T00:00Z",
    "end": "2022-09-10T23:59Z",
    "year": 2022,
    "stateCode": "BW",
    "name": "sommerferien",
    "name_cp": "Sommerferien",
    "slug": "sommerferien-2022-BW"
  },
  {
    "start": "2022-10-31T00:00Z",
    "end": "2022-10-31T23:59Z",
    "year": 2022,
    "stateCode": "BW",
    "name": "herbstferien",
    "name_cp": "Herbstferien",
    "slug": "herbstferien-2022-BW"
  },
  {
    "start": "2022-12-21T00:00Z",
    "end": "2023-01-07T23:59Z",
    "year": 2022,
    "stateCode": "BW",
    "name": "weihnachtsferien",
    "name_cp": "Weihnachtsferien",
    "slug": "weihnachtsferien-2022-BW"
  },
  {
    "start": "2022-02-28T00:00Z",
    "end": "2022-03-04T23:59Z",
    "year": 2022,
    "stateCode": "BY",
    "name": "winterferien",
    "name_cp": "Winterferien",
    "slug": "winterferien-2022-BY"
  },
  {
    "start": "2022-04-11T00:00Z",
    "end": "2022-04-23T23:59Z",
    "year": 2022,
    "stateCode": "BY",
    "name": "osterferien",
    "name_cp": "Osterferien",
    "slug": "osterferien-2022-BY"
  },
  {
    "start": "2022-06-07T00:00Z",
    "end": "2022-06-18T23:59Z",
    "year": 2022,
    "stateCode": "BY",
    "name": "pfingstferien",
    "name_cp": "Pfingstferien",
    "slug": "pfingstferien-2022-BY"
  },
  {
    "start": "2022-08-01T00:00Z",
    "end": "2022-09-12T23:59Z",
    "year": 2022,
    "stateCode": "BY",
    "name": "sommerferien",
    "name_cp": "Sommerferien",
    "slug": "sommerferien-2022-BY"
  },
  {
    "start": "2022-10-31T00:00Z",
    "end": "2022-11-04T23:59Z",
    "year": 2022,
    "stateCode": "BY",
    "name": "herbstferien",
    "name_cp": "Herbstferien",
    "slug": "herbstferien-2022-BY"
  },
  {
    "start": "2022-12-24T00:00Z",
    "end": "2023-01-07T23:59Z",
    "year": 2022,
    "stateCode": "BY",
    "name": "weihnachtsferien",
    "name_cp": "Weihnachtsferien",
    "slug": "weihnachtsferien-2022-BY"
  },
  {
    "start": "2022-01-29T00:00Z",
    "end": "2022-02-05T23:59Z",
    "year": 2022,
    "stateCode": "BE",
    "name": "winterferien",
    "name_cp": "Winterferien",
    "slug": "winterferien-2022-BE"
  },
  {
    "start": "2022-04-11T00:00Z",
    "end": "2022-04-23T23:59Z",
    "year": 2022,
    "stateCode": "BE",
    "name": "osterferien",
    "name_cp": "Osterferien",
    "slug": "osterferien-2022-BE"
  },
  {
    "start": "2022-05-27T00:00Z",
    "end": "2022-05-27T23:59Z",
    "year": 2022,
    "stateCode": "BE",
    "name": "pfingstferien",
    "name_cp": "Pfingstferien",
    "slug": "pfingstferien-2022-BE"
  },
  {
    "start": "2022-07-07T00:00Z",
    "end": "2022-08-19T23:59Z",
    "year": 2022,
    "stateCode": "BE",
    "name": "sommerferien",
    "name_cp": "Sommerferien",
    "slug": "sommerferien-2022-BE"
  },
  {
    "start": "2022-10-24T00:00Z",
    "end": "2022-11-05T23:59Z",
    "year": 2022,
    "stateCode": "BE",
    "name": "herbstferien",
    "name_cp": "Herbstferien",
    "slug": "herbstferien-2022-BE"
  },
  {
    "start": "2022-12-22T00:00Z",
    "end": "2023-01-02T23:59Z",
    "year": 2022,
    "stateCode": "BE",
    "name": "weihnachtsferien",
    "name_cp": "Weihnachtsferien",
    "slug": "weihnachtsferien-2022-BE"
  },
  {
    "start": "2022-01-31T00:00Z",
    "end": "2022-02-05T23:59Z",
    "year": 2022,
    "stateCode": "BB",
    "name": "winterferien",
    "name_cp": "Winterferien",
    "slug": "winterferien-2022-BB"
  },
  {
    "start": "2022-04-11T00:00Z",
    "end": "2022-04-23T23:59Z",
    "year": 2022,
    "stateCode": "BB",
    "name": "osterferien",
    "name_cp": "Osterferien",
    "slug": "osterferien-2022-BB"
  },
  {
    "start": "2022-07-07T00:00Z",
    "end": "2022-08-20T23:59Z",
    "year": 2022,
    "stateCode": "BB",
    "name": "sommerferien",
    "name_cp": "Sommerferien",
    "slug": "sommerferien-2022-BB"
  },
  {
    "start": "2022-10-24T00:00Z",
    "end": "2022-11-05T23:59Z",
    "year": 2022,
    "stateCode": "BB",
    "name": "herbstferien",
    "name_cp": "Herbstferien",
    "slug": "herbstferien-2022-BB"
  },
  {
    "start": "2022-12-22T00:00Z",
    "end": "2023-01-03T23:59Z",
    "year": 2022,
    "stateCode": "BB",
    "name": "weihnachtsferien",
    "name_cp": "Weihnachtsferien",
    "slug": "weihnachtsferien-2022-BB"
  },
  {
    "start": "2022-01-31T00:00Z",
    "end": "2022-02-01T23:59Z",
    "year": 2022,
    "stateCode": "HB",
    "name": "winterferien",
    "name_cp": "Winterferien",
    "slug": "winterferien-2022-HB"
  },
  {
    "start": "2022-04-04T00:00Z",
    "end": "2022-04-19T23:59Z",
    "year": 2022,
    "stateCode": "HB",
    "name": "osterferien",
    "name_cp": "Osterferien",
    "slug": "osterferien-2022-HB"
  },
  {
    "start": "2022-05-27T00:00Z",
    "end": "2022-05-27T23:59Z",
    "year": 2022,
    "stateCode": "HB",
    "name": "pfingstferien",
    "name_cp": "Pfingstferien",
    "slug": "pfingstferien-2022-HB"
  },
  {
    "start": "2022-07-14T00:00Z",
    "end": "2022-08-24T23:59Z",
    "year": 2022,
    "stateCode": "HB",
    "name": "sommerferien",
    "name_cp": "Sommerferien",
    "slug": "sommerferien-2022-HB"
  },
  {
    "start": "2022-10-17T00:00Z",
    "end": "2022-10-29T23:59Z",
    "year": 2022,
    "stateCode": "HB",
    "name": "herbstferien",
    "name_cp": "Herbstferien",
    "slug": "herbstferien-2022-HB"
  },
  {
    "start": "2022-12-23T00:00Z",
    "end": "2023-01-06T23:59Z",
    "year": 2022,
    "stateCode": "HB",
    "name": "weihnachtsferien",
    "name_cp": "Weihnachtsferien",
    "slug": "weihnachtsferien-2022-HB"
  },
  {
    "start": "2022-01-28T00:00Z",
    "end": "2022-01-28T23:59Z",
    "year": 2022,
    "stateCode": "HH",
    "name": "winterferien",
    "name_cp": "Winterferien",
    "slug": "winterferien-2022-HH"
  },
  {
    "start": "2022-03-07T00:00Z",
    "end": "2022-03-18T23:59Z",
    "year": 2022,
    "stateCode": "HH",
    "name": "osterferien",
    "name_cp": "Osterferien",
    "slug": "osterferien-2022-HH"
  },
  {
    "start": "2022-05-23T00:00Z",
    "end": "2022-05-27T23:59Z",
    "year": 2022,
    "stateCode": "HH",
    "name": "pfingstferien",
    "name_cp": "Pfingstferien",
    "slug": "pfingstferien-2022-HH"
  },
  {
    "start": "2022-07-07T00:00Z",
    "end": "2022-08-17T23:59Z",
    "year": 2022,
    "stateCode": "HH",
    "name": "sommerferien",
    "name_cp": "Sommerferien",
    "slug": "sommerferien-2022-HH"
  },
  {
    "start": "2022-10-10T00:00Z",
    "end": "2022-10-21T23:59Z",
    "year": 2022,
    "stateCode": "HH",
    "name": "herbstferien",
    "name_cp": "Herbstferien",
    "slug": "herbstferien-2022-HH"
  },
  {
    "start": "2022-12-23T00:00Z",
    "end": "2023-01-06T23:59Z",
    "year": 2022,
    "stateCode": "HH",
    "name": "weihnachtsferien",
    "name_cp": "Weihnachtsferien",
    "slug": "weihnachtsferien-2022-HH"
  },
  {
    "start": "2022-04-11T00:00Z",
    "end": "2022-04-23T23:59Z",
    "year": 2022,
    "stateCode": "HE",
    "name": "osterferien",
    "name_cp": "Osterferien",
    "slug": "osterferien-2022-HE"
  },
  {
    "start": "2022-07-25T00:00Z",
    "end": "2022-09-02T23:59Z",
    "year": 2022,
    "stateCode": "HE",
    "name": "sommerferien",
    "name_cp": "Sommerferien",
    "slug": "sommerferien-2022-HE"
  },
  {
    "start": "2022-10-24T00:00Z",
    "end": "2022-10-29T23:59Z",
    "year": 2022,
    "stateCode": "HE",
    "name": "herbstferien",
    "name_cp": "Herbstferien",
    "slug": "herbstferien-2022-HE"
  },
  {
    "start": "2022-12-22T00:00Z",
    "end": "2023-01-07T23:59Z",
    "year": 2022,
    "stateCode": "HE",
    "name": "weihnachtsferien",
    "name_cp": "Weihnachtsferien",
    "slug": "weihnachtsferien-2022-HE"
  },
  {
    "start": "2022-02-05T00:00Z",
    "end": "2022-02-17T23:59Z",
    "year": 2022,
    "stateCode": "MV",
    "name": "winterferien",
    "name_cp": "Winterferien",
    "slug": "winterferien-2022-MV"
  },
  {
    "start": "2022-04-11T00:00Z",
    "end": "2022-04-20T23:59Z",
    "year": 2022,
    "stateCode": "MV",
    "name": "osterferien",
    "name_cp": "Osterferien",
    "slug": "osterferien-2022-MV"
  },
  {
    "start": "2022-05-27T00:00Z",
    "end": "2022-05-27T23:59Z",
    "year": 2022,
    "stateCode": "MV",
    "name": "pfingstferien",
    "name_cp": "Pfingstferien",
    "slug": "pfingstferien-2022-MV"
  },
  {
    "start": "2022-07-04T00:00Z",
    "end": "2022-08-13T23:59Z",
    "year": 2022,
    "stateCode": "MV",
    "name": "sommerferien",
    "name_cp": "Sommerferien",
    "slug": "sommerferien-2022-MV"
  },
  {
    "start": "2022-10-10T00:00Z",
    "end": "2022-10-14T23:59Z",
    "year": 2022,
    "stateCode": "MV",
    "name": "herbstferien",
    "name_cp": "Herbstferien",
    "slug": "herbstferien-2022-MV"
  },
  {
    "start": "2022-12-22T00:00Z",
    "end": "2023-01-02T23:59Z",
    "year": 2022,
    "stateCode": "MV",
    "name": "weihnachtsferien",
    "name_cp": "Weihnachtsferien",
    "slug": "weihnachtsferien-2022-MV"
  },
  {
    "start": "2022-01-31T00:00Z",
    "end": "2022-02-01T23:59Z",
    "year": 2022,
    "stateCode": "NI",
    "name": "winterferien",
    "name_cp": "Winterferien",
    "slug": "winterferien-2022-NI"
  },
  {
    "start": "2022-04-04T00:00Z",
    "end": "2022-04-19T23:59Z",
    "year": 2022,
    "stateCode": "NI",
    "name": "osterferien",
    "name_cp": "Osterferien",
    "slug": "osterferien-2022-NI"
  },
  {
    "start": "2022-05-27T00:00Z",
    "end": "2022-05-27T23:59Z",
    "year": 2022,
    "stateCode": "NI",
    "name": "pfingstferien",
    "name_cp": "Pfingstferien",
    "slug": "pfingstferien-2022-NI"
  },
  {
    "start": "2022-07-14T00:00Z",
    "end": "2022-08-24T23:59Z",
    "year": 2022,
    "stateCode": "NI",
    "name": "sommerferien",
    "name_cp": "Sommerferien",
    "slug": "sommerferien-2022-NI"
  },
  {
    "start": "2022-10-17T00:00Z",
    "end": "2022-10-28T23:59Z",
    "year": 2022,
    "stateCode": "NI",
    "name": "herbstferien",
    "name_cp": "Herbstferien",
    "slug": "herbstferien-2022-NI"
  },
  {
    "start": "2022-12-23T00:00Z",
    "end": "2023-01-06T23:59Z",
    "year": 2022,
    "stateCode": "NI",
    "name": "weihnachtsferien",
    "name_cp": "Weihnachtsferien",
    "slug": "weihnachtsferien-2022-NI"
  },
  {
    "start": "2022-04-11T00:00Z",
    "end": "2022-04-23T23:59Z",
    "year": 2022,
    "stateCode": "NW",
    "name": "osterferien",
    "name_cp": "Osterferien",
    "slug": "osterferien-2022-NW"
  },
  {
    "start": "2022-06-27T00:00Z",
    "end": "2022-08-09T23:59Z",
    "year": 2022,
    "stateCode": "NW",
    "name": "sommerferien",
    "name_cp": "Sommerferien",
    "slug": "sommerferien-2022-NW"
  },
  {
    "start": "2022-10-04T00:00Z",
    "end": "2022-10-15T23:59Z",
    "year": 2022,
    "stateCode": "NW",
    "name": "herbstferien",
    "name_cp": "Herbstferien",
    "slug": "herbstferien-2022-NW"
  },
  {
    "start": "2022-12-23T00:00Z",
    "end": "2023-01-06T23:59Z",
    "year": 2022,
    "stateCode": "NW",
    "name": "weihnachtsferien",
    "name_cp": "Weihnachtsferien",
    "slug": "weihnachtsferien-2022-NW"
  },
  {
    "start": "2022-02-21T00:00Z",
    "end": "2022-02-25T23:59Z",
    "year": 2022,
    "stateCode": "RP",
    "name": "winterferien",
    "name_cp": "Winterferien",
    "slug": "winterferien-2022-RP"
  },
  {
    "start": "2022-04-13T00:00Z",
    "end": "2022-04-22T23:59Z",
    "year": 2022,
    "stateCode": "RP",
    "name": "osterferien",
    "name_cp": "Osterferien",
    "slug": "osterferien-2022-RP"
  },
  {
    "start": "2022-07-25T00:00Z",
    "end": "2022-09-02T23:59Z",
    "year": 2022,
    "stateCode": "RP",
    "name": "sommerferien",
    "name_cp": "Sommerferien",
    "slug": "sommerferien-2022-RP"
  },
  {
    "start": "2022-10-17T00:00Z",
    "end": "2022-10-31T23:59Z",
    "year": 2022,
    "stateCode": "RP",
    "name": "herbstferien",
    "name_cp": "Herbstferien",
    "slug": "herbstferien-2022-RP"
  },
  {
    "start": "2022-12-23T00:00Z",
    "end": "2023-01-02T23:59Z",
    "year": 2022,
    "stateCode": "RP",
    "name": "weihnachtsferien",
    "name_cp": "Weihnachtsferien",
    "slug": "weihnachtsferien-2022-RP"
  },
  {
    "start": "2022-02-21T00:00Z",
    "end": "2022-03-01T23:59Z",
    "year": 2022,
    "stateCode": "SL",
    "name": "winterferien",
    "name_cp": "Winterferien",
    "slug": "winterferien-2022-SL"
  },
  {
    "start": "2022-04-14T00:00Z",
    "end": "2022-04-22T23:59Z",
    "year": 2022,
    "stateCode": "SL",
    "name": "osterferien",
    "name_cp": "Osterferien",
    "slug": "osterferien-2022-SL"
  },
  {
    "start": "2022-06-07T00:00Z",
    "end": "2022-06-10T23:59Z",
    "year": 2022,
    "stateCode": "SL",
    "name": "pfingstferien",
    "name_cp": "Pfingstferien",
    "slug": "pfingstferien-2022-SL"
  },
  {
    "start": "2022-07-25T00:00Z",
    "end": "2022-09-02T23:59Z",
    "year": 2022,
    "stateCode": "SL",
    "name": "sommerferien",
    "name_cp": "Sommerferien",
    "slug": "sommerferien-2022-SL"
  },
  {
    "start": "2022-10-24T00:00Z",
    "end": "2022-11-04T23:59Z",
    "year": 2022,
    "stateCode": "SL",
    "name": "herbstferien",
    "name_cp": "Herbstferien",
    "slug": "herbstferien-2022-SL"
  },
  {
    "start": "2022-12-22T00:00Z",
    "end": "2023-01-04T23:59Z",
    "year": 2022,
    "stateCode": "SL",
    "name": "weihnachtsferien",
    "name_cp": "Weihnachtsferien",
    "slug": "weihnachtsferien-2022-SL"
  },
  {
    "start": "2022-02-12T00:00Z",
    "end": "2022-02-19T23:59Z",
    "year": 2022,
    "stateCode": "ST",
    "name": "winterferien",
    "name_cp": "Winterferien",
    "slug": "winterferien-2022-ST"
  },
  {
    "start": "2022-04-11T00:00Z",
    "end": "2022-04-16T23:59Z",
    "year": 2022,
    "stateCode": "ST",
    "name": "osterferien",
    "name_cp": "Osterferien",
    "slug": "osterferien-2022-ST"
  },
  {
    "start": "2022-05-23T00:00Z",
    "end": "2022-05-28T23:59Z",
    "year": 2022,
    "stateCode": "ST",
    "name": "pfingstferien",
    "name_cp": "Pfingstferien",
    "slug": "pfingstferien-2022-ST"
  },
  {
    "start": "2022-07-14T00:00Z",
    "end": "2022-08-24T23:59Z",
    "year": 2022,
    "stateCode": "ST",
    "name": "sommerferien",
    "name_cp": "Sommerferien",
    "slug": "sommerferien-2022-ST"
  },
  {
    "start": "2022-10-24T00:00Z",
    "end": "2022-11-04T23:59Z",
    "year": 2022,
    "stateCode": "ST",
    "name": "herbstferien",
    "name_cp": "Herbstferien",
    "slug": "herbstferien-2022-ST"
  },
  {
    "start": "2022-12-21T00:00Z",
    "end": "2023-01-05T23:59Z",
    "year": 2022,
    "stateCode": "ST",
    "name": "weihnachtsferien",
    "name_cp": "Weihnachtsferien",
    "slug": "weihnachtsferien-2022-ST"
  },
  {
    "start": "2022-02-12T00:00Z",
    "end": "2022-02-26T23:59Z",
    "year": 2022,
    "stateCode": "SN",
    "name": "winterferien",
    "name_cp": "Winterferien",
    "slug": "winterferien-2022-SN"
  },
  {
    "start": "2022-04-15T00:00Z",
    "end": "2022-04-23T23:59Z",
    "year": 2022,
    "stateCode": "SN",
    "name": "osterferien",
    "name_cp": "Osterferien",
    "slug": "osterferien-2022-SN"
  },
  {
    "start": "2022-05-27T00:00Z",
    "end": "2022-05-27T23:59Z",
    "year": 2022,
    "stateCode": "SN",
    "name": "pfingstferien",
    "name_cp": "Pfingstferien",
    "slug": "pfingstferien-2022-SN"
  },
  {
    "start": "2022-07-18T00:00Z",
    "end": "2022-08-26T23:59Z",
    "year": 2022,
    "stateCode": "SN",
    "name": "sommerferien",
    "name_cp": "Sommerferien",
    "slug": "sommerferien-2022-SN"
  },
  {
    "start": "2022-10-17T00:00Z",
    "end": "2022-10-29T23:59Z",
    "year": 2022,
    "stateCode": "SN",
    "name": "herbstferien",
    "name_cp": "Herbstferien",
    "slug": "herbstferien-2022-SN"
  },
  {
    "start": "2022-12-22T00:00Z",
    "end": "2023-01-02T23:59Z",
    "year": 2022,
    "stateCode": "SN",
    "name": "weihnachtsferien",
    "name_cp": "Weihnachtsferien",
    "slug": "weihnachtsferien-2022-SN"
  },
  {
    "start": "2022-04-04T00:00Z",
    "end": "2022-04-16T23:59Z",
    "year": 2022,
    "stateCode": "SH",
    "name": "osterferien",
    "name_cp": "Osterferien",
    "slug": "osterferien-2022-SH"
  },
  {
    "start": "2022-05-27T00:00Z",
    "end": "2022-05-28T23:59Z",
    "year": 2022,
    "stateCode": "SH",
    "name": "pfingstferien",
    "name_cp": "Pfingstferien",
    "slug": "pfingstferien-2022-SH"
  },
  {
    "start": "2022-07-04T00:00Z",
    "end": "2022-08-13T23:59Z",
    "year": 2022,
    "stateCode": "SH",
    "name": "sommerferien",
    "name_cp": "Sommerferien",
    "slug": "sommerferien-2022-SH"
  },
  {
    "start": "2022-10-10T00:00Z",
    "end": "2022-10-21T23:59Z",
    "year": 2022,
    "stateCode": "SH",
    "name": "herbstferien",
    "name_cp": "Herbstferien",
    "slug": "herbstferien-2022-SH"
  },
  {
    "start": "2022-12-23T00:00Z",
    "end": "2023-01-07T23:59Z",
    "year": 2022,
    "stateCode": "SH",
    "name": "weihnachtsferien",
    "name_cp": "Weihnachtsferien",
    "slug": "weihnachtsferien-2022-SH"
  },
  {
    "start": "2022-02-12T00:00Z",
    "end": "2022-02-19T23:59Z",
    "year": 2022,
    "stateCode": "TH",
    "name": "winterferien",
    "name_cp": "Winterferien",
    "slug": "winterferien-2022-TH"
  },
  {
    "start": "2022-04-11T00:00Z",
    "end": "2022-04-23T23:59Z",
    "year": 2022,
    "stateCode": "TH",
    "name": "osterferien",
    "name_cp": "Osterferien",
    "slug": "osterferien-2022-TH"
  },
  {
    "start": "2022-05-27T00:00Z",
    "end": "2022-05-27T23:59Z",
    "year": 2022,
    "stateCode": "TH",
    "name": "pfingstferien",
    "name_cp": "Pfingstferien",
    "slug": "pfingstferien-2022-TH"
  },
  {
    "start": "2022-07-18T00:00Z",
    "end": "2022-08-27T23:59Z",
    "year": 2022,
    "stateCode": "TH",
    "name": "sommerferien",
    "name_cp": "Sommerferien",
    "slug": "sommerferien-2022-TH"
  },
  {
    "start": "2022-10-17T00:00Z",
    "end": "2022-10-29T23:59Z",
    "year": 2022,
    "stateCode": "TH",
    "name": "herbstferien",
    "name_cp": "Herbstferien",
    "slug": "herbstferien-2022-TH"
  },
  {
    "start": "2022-12-22T00:00Z",
    "end": "2023-01-03T23:59Z",
    "year": 2022,
    "stateCode": "TH",
    "name": "weihnachtsferien",
    "name_cp": "Weihnachtsferien",
    "slug": "weihnachtsferien-2022-TH"
  }
]