[
  {
    "start": "2023-04-06T00:00Z",
    "end": "2023-04-06T23:59Z",
    "year": 2023,
    "stateCode": "BW",
    "name": "osterferien",
    "name_cp": "Osterferien",
    "slug": "osterferien-2023-BW"
  },
  {
    "start": "2023-04-11T00:00Z",
    "end": "2023-04-14T23:59Z",
    "year": 2023,
    "stateCode": "BW",
    "name": "osterferien",
    "name_cp": "Osterferien",
    "slug": "osterferien-2023-BW"
  },
  {
    "start": "2023-05-30T00:00Z",
    "end": "2023-06-08T23:59Z",
    "year": 2023,
    "stateCode": "BW",
    "name": "pfingstferien",
    "name_cp": "Pfingstferien",
    "slug": "pfingstferien-2023-BW"
  },
  {
    "start": "2023-07-27T00:00Z",
    "end": "2023-09-08T23:59Z",
    "year": 2023,
    "stateCode": "BW",
    "name": "sommerferien",
    "name_cp": "Sommerferien",
    "slug": "sommerferien-2023-BW"
  },
  {
    "start": "2023-10-30T00:00Z",
    "end": "2023-11-02T23:59Z",
    "year": 2023,
    "stateCode": "BW",
    "name": "herbstferien",
    "name_cp": "Herbstferien",
    "slug": "herbstferien-2023-BW"
  },
  {
    "start": "2023-12-23T00:00Z",
    "end": "2024-01-04T23:59Z",
    "year": 2023,
    "stateCode": "BW",
    "name": "weihnachtsferien",
    "name_cp": "Weihnachtsferien",
    "slug": "weihnachtsferien-2023-BW"
  },
  {
    "start": "2023-02-20T00:00Z",
    "end": "2023-02-23T23:59Z",
    "year": 2023,
    "stateCode": "BY",
    "name": "winterferien",
    "name_cp": "Winterferien",
    "slug": "winterferien-2023-BY"
  },
  {
    "start": "2023-04-03T00:00Z",
    "end": "2023-04-14T23:59Z",
    "year": 2023,
    "stateCode": "BY",
    "name": "osterferien",
    "name_cp": "Osterferien",
    "slug": "osterferien-2023-BY"
  },
  {
    "start": "2023-05-30T00:00Z",
    "end": "2023-06-08T23:59Z",
    "year": 2023,
    "stateCode": "BY",
    "name": "pfingstferien",
    "name_cp": "Pfingstferien",
    "slug": "pfingstferien-2023-BY"
  },
  {
    "start": "2023-07-31T00:00Z",
    "end": "2023-09-10T23:59Z",
    "year": 2023,
    "stateCode": "BY",
    "name": "sommerferien",
    "name_cp": "Sommerferien",
    "slug": "sommerferien-2023-BY"
  },
  {
    "start": "2023-10-30T00:00Z",
    "end": "2023-11-02T23:59Z",
    "year": 2023,
    "stateCode": "BY",
    "name": "herbstferien",
    "name_cp": "Herbstferien",
    "slug": "herbstferien-2023-BY"
  },
  {
    "start": "2023-11-22T00:00Z",
    "end": "2023-11-22T23:59Z",
    "year": 2023,
    "stateCode": "BY",
    "name": "herbstferien",
    "name_cp": "Herbstferien",
    "slug": "herbstferien-2023-BY"
  },
  {
    "start": "2023-12-23T00:00Z",
    "end": "2024-01-04T23:59Z",
    "year": 2023,
    "stateCode": "BY",
    "name": "weihnachtsferien",
    "name_cp": "Weihnachtsferien",
    "slug": "weihnachtsferien-2023-BY"
  },
  {
    "start": "2023-01-30T00:00Z",
    "end": "2023-02-03T23:59Z",
    "year": 2023,
    "stateCode": "BE",
    "name": "winterferien",
    "name_cp": "Winterferien",
    "slug": "winterferien-2023-BE"
  },
  {
    "start": "2023-04-03T00:00Z",
    "end": "2023-04-13T23:59Z",
    "year": 2023,
    "stateCode": "BE",
    "name": "osterferien",
    "name_cp": "Osterferien",
    "slug": "osterferien-2023-BE"
  },
  {
    "start": "2023-05-19T00:00Z",
    "end": "2023-05-29T23:59Z",
    "year": 2023,
    "stateCode": "BE",
    "name": "pfingstferien",
    "name_cp": "Pfingstferien",
    "slug": "pfingstferien-2023-BE"
  },
  {
    "start": "2023-07-13T00:00Z",
    "end": "2023-08-24T23:59Z",
    "year": 2023,
    "stateCode": "BE",
    "name": "sommerferien",
    "name_cp": "Sommerferien",
    "slug": "sommerferien-2023-BE"
  },
  {
    "start": "2023-10-02T00:00Z",
    "end": "2023-10-22T23:59Z",
    "year": 2023,
    "stateCode": "BE",
    "name": "herbstferien",
    "name_cp": "Herbstferien",
    "slug": "herbstferien-2023-BE"
  },
  {
    "start": "2023-11-04T00:00Z",
    "end": "2023-11-04T23:59Z",
    "year": 2023,
    "stateCode": "BE",
    "name": "herbstferien",
    "name_cp": "Herbstferien",
    "slug": "herbstferien-2023-BE"
  },
  {
    "start": "2023-12-23T00:00Z",
    "end": "2024-01-04T23:59Z",
    "year": 2023,
    "stateCode": "BE",
    "name": "weihnachtsferien",
    "name_cp": "Weihnachtsferien",
    "slug": "weihnachtsferien-2023-BE"
  },
  {
    "start": "2023-01-30T00:00Z",
    "end": "2023-02-02T23:59Z",
    "year": 2023,
    "stateCode": "BB",
    "name": "winterferien",
    "name_cp": "Winterferien",
    "slug": "winterferien-2023-BB"
  },
  {
    "start": "2023-04-03T00:00Z",
    "end": "2023-04-13T23:59Z",
    "year": 2023,
    "stateCode": "BB",
    "name": "osterferien",
    "name_cp": "Osterferien",
    "slug": "osterferien-2023-BB"
  },
  {
    "start": "2023-07-13T00:00Z",
    "end": "2023-08-25T23:59Z",
    "year": 2023,
    "stateCode": "BB",
    "name": "sommerferien",
    "name_cp": "Sommerferien",
    "slug": "sommerferien-2023-BB"
  },
  {
    "start": "2023-10-23T00:00Z",
    "end": "2023-11-03T23:59Z",
    "year": 2023,
    "stateCode": "BB",
    "name": "herbstferien",
    "name_cp": "Herbstferien",
    "slug": "herbstferien-2023-BB"
  },
  {
    "start": "2023-12-23T00:00Z",
    "end": "2024-01-04T23:59Z",
    "year": 2023,
    "stateCode": "BB",
    "name": "weihnachtsferien",
    "name_cp": "Weihnachtsferien",
    "slug": "weihnachtsferien-2023-BB"
  },
  {
    "start": "2023-01-30T00:00Z",
    "end": "2023-01-30T23:59Z",
    "year": 2023,
    "stateCode": "HB",
    "name": "winterferien",
    "name_cp": "Winterferien",
    "slug": "winterferien-2023-HB"
  },
  {
    "start": "2023-03-27T00:00Z",
    "end": "2023-04-10T23:59Z",
    "year": 2023,
    "stateCode": "HB",
    "name": "osterferien",
    "name_cp": "Osterferien",
    "slug": "osterferien-2023-HB"
  },
  {
    "start": "2023-05-19T00:00Z",
    "end": "2023-05-29T23:59Z",
    "year": 2023,
    "stateCode": "HB",
    "name": "pfingstferien",
    "name_cp": "Pfingstferien",
    "slug": "pfingstferien-2023-HB"
  },
  {
    "start": "2023-07-06T00:00Z",
    "end": "2023-08-15T23:59Z",
    "year": 2023,
    "stateCode": "HB",
    "name": "sommerferien",
    "name_cp": "Sommerferien",
    "slug": "sommerferien-2023-HB"
  },
  {
    "start": "2023-10-02T00:00Z",
    "end": "2023-10-02T23:59Z",
    "year": 2023,
    "stateCode": "HB",
    "name": "herbstferien",
    "name_cp": "Herbstferien",
    "slug": "herbstferien-2023-HB"
  },
  {
    "start": "2023-10-16T00:00Z",
    "end": "2023-10-29T23:59Z",
    "year": 2023,
    "stateCode": "HB",
    "name": "herbstferien",
    "name_cp": "Herbstferien",
    "slug": "herbstferien-2023-HB"
  },
  {
    "start": "2023-12-23T00:00Z",
    "end": "2024-01-04T23:59Z",
    "year": 2023,
    "stateCode": "HB",
    "name": "weihnachtsferien",
    "name_cp": "Weihnachtsferien",
    "slug": "weihnachtsferien-2023-HB"
  },
  {
    "start": "2023-01-27T00:00Z",
    "end": "2023-01-27T23:59Z",
    "year": 2023,
    "stateCode": "HH",
    "name": "winterferien",
    "name_cp": "Winterferien",
    "slug": "winterferien-2023-HH"
  },
  {
    "start": "2023-03-06T00:00Z",
    "end": "2023-03-16T23:59Z",
    "year": 2023,
    "stateCode": "HH",
    "name": "osterferien",
    "name_cp": "Osterferien",
    "slug": "osterferien-2023-HH"
  },
  {
    "start": "2023-05-15T00:00Z",
    "end": "2023-05-18T23:59Z",
    "year": 2023,
    "stateCode": "HH",
    "name": "pfingstferien",
    "name_cp": "Pfingstferien",
    "slug": "pfingstferien-2023-HH"
  },
  {
    "start": "2023-07-13T00:00Z",
    "end": "2023-08-22T23:59Z",
    "year": 2023,
    "stateCode": "HH",
    "name": "sommerferien",
    "name_cp": "Sommerferien",
    "slug": "sommerferien-2023-HH"
  },
  {
    "start": "2023-10-02T00:00Z",
    "end": "2023-10-02T23:59Z",
    "year": 2023,
    "stateCode": "HH",
    "name": "herbstferien",
    "name_cp": "Herbstferien",
    "slug": "herbstferien-2023-HH"
  },
  {
    "start": "2023-10-16T00:00Z",
    "end": "2023-10-26T23:59Z",
    "year": 2023,
    "stateCode": "HH",
    "name": "herbstferien",
    "name_cp": "Herbstferien",
    "slug": "herbstferien-2023-HH"
  },
  {
    "start": "2023-12-22T00:00Z",
    "end": "2024-01-04T23:59Z",
    "year": 2023,
    "stateCode": "HH",
    "name": "weihnachtsferien",
    "name_cp": "Weihnachtsferien",
    "slug": "weihnachtsferien-2023-HH"
  },
  {
    "start": "2023-04-03T00:00Z",
    "end": "2023-04-21T23:59Z",
    "year": 2023,
    "stateCode": "HE",
    "name": "osterferien",
    "name_cp": "Osterferien",
    "slug": "osterferien-2023-HE"
  },
  {
    "start": "2023-07-24T00:00Z",
    "end": "2023-08-31T23:59Z",
    "year": 2023,
    "stateCode": "HE",
    "name": "sommerferien",
    "name_cp": "Sommerferien",
    "slug": "sommerferien-2023-HE"
  },
  {
    "start": "2023-10-23T00:00Z",
    "end": "2023-10-27T23:59Z",
    "year": 2023,
    "stateCode": "HE",
    "name": "herbstferien",
    "name_cp": "Herbstferien",
    "slug": "herbstferien-2023-HE"
  },
  {
    "start": "2023-12-27T00:00Z",
    "end": "2024-01-12T23:59Z",
    "year": 2023,
    "stateCode": "HE",
    "name": "weihnachtsferien",
    "name_cp": "Weihnachtsferien",
    "slug": "weihnachtsferien-2023-HE"
  },
  {
    "start": "2023-02-06T00:00Z",
    "end": "2023-02-17T23:59Z",
    "year": 2023,
    "stateCode": "MV",
    "name": "winterferien",
    "name_cp": "Winterferien",
    "slug": "winterferien-2023-MV"
  },
  {
    "start": "2023-04-03T00:00Z",
    "end": "2023-04-11T23:59Z",
    "year": 2023,
    "stateCode": "MV",
    "name": "osterferien",
    "name_cp": "Osterferien",
    "slug": "osterferien-2023-MV"
  },
  {
    "start": "2023-05-19T00:00Z",
    "end": "2023-05-19T23:59Z",
    "year": 2023,
    "stateCode": "MV",
    "name": "pfingstferien",
    "name_cp": "Pfingstferien",
    "slug": "pfingstferien-2023-MV"
  },
  {
    "start": "2023-05-26T00:00Z",
    "end": "2023-05-29T23:59Z",
    "year": 2023,
    "stateCode": "MV",
    "name": "pfingstferien",
    "name_cp": "Pfingstferien",
    "slug": "pfingstferien-2023-MV"
  },
  {
    "start": "2023-07-17T00:00Z",
    "end": "2023-08-25T23:59Z",
    "year": 2023,
    "stateCode": "MV",
    "name": "sommerferien",
    "name_cp": "Sommerferien",
    "slug": "sommerferien-2023-MV"
  },
  {
    "start": "2023-10-09T00:00Z",
    "end": "2023-10-13T23:59Z",
    "year": 2023,
    "stateCode": "MV",
    "name": "herbstferien",
    "name_cp": "Herbstferien",
    "slug": "herbstferien-2023-MV"
  },
  {
    "start": "2023-10-30T00:00Z",
    "end": "2023-10-31T23:59Z",
    "year": 2023,
    "stateCode": "MV",
    "name": "herbstferien",
    "name_cp": "Herbstferien",
    "slug": "herbstferien-2023-MV"
  },
  {
    "start": "2023-12-21T00:00Z",
    "end": "2024-01-02T23:59Z",
    "year": 2023,
    "stateCode": "MV",
    "name": "weihnachtsferien",
    "name_cp": "Weihnachtsferien",
    "slug": "weihnachtsferien-2023-MV"
  },
  {
    "start": "2023-01-30T00:00Z",
    "end": "2023-01-30T23:59Z",
    "year": 2023,
    "stateCode": "NI",
    "name": "winterferien",
    "name_cp": "Winterferien",
    "slug": "winterferien-2023-NI"
  },
  {
    "start": "2023-03-27T00:00Z",
    "end": "2023-04-10T23:59Z",
    "year": 2023,
    "stateCode": "NI",
    "name": "osterferien",
    "name_cp": "Osterferien",
    "slug": "osterferien-2023-NI"
  },
  {
    "start": "2023-05-19T00:00Z",
    "end": "2023-05-19T23:59Z",
    "year": 2023,
    "stateCode": "NI",
    "name": "pfingstferien",
    "name_cp": "Pfingstferien",
    "slug": "pfingstferien-2023-NI"
  },
  {
    "start": "2023-05-30T00:00Z",
    "end": "2023-05-30T23:59Z",
    "year": 2023,
    "stateCode": "NI",
    "name": "pfingstferien",
    "name_cp": "Pfingstferien",
    "slug": "pfingstferien-2023-NI"
  },
  {
    "start": "2023-07-06T00:00Z",
    "end": "2023-08-15T23:59Z",
    "year": 2023,
    "stateCode": "NI",
    "name": "sommerferien",
    "name_cp": "Sommerferien",
    "slug": "sommerferien-2023-NI"
  },
  {
    "start": "2023-10-02T00:00Z",
    "end": "2023-10-02T23:59Z",
    "year": 2023,
    "stateCode": "NI",
    "name": "herbstferien",
    "name_cp": "Herbstferien",
    "slug": "herbstferien-2023-NI"
  },
  {
    "start": "2023-10-16T00:00Z",
    "end": "2023-10-29T23:59Z",
    "year": 2023,
    "stateCode": "NI",
    "name": "herbstferien",
    "name_cp": "Herbstferien",
    "slug": "herbstferien-2023-NI"
  },
  {
    "start": "2023-12-27T00:00Z",
    "end": "2024-01-04T23:59Z",
    "year": 2023,
    "stateCode": "NI",
    "name": "weihnachtsferien",
    "name_cp": "Weihnachtsferien",
    "slug": "weihnachtsferien-2023-NI"
  },
  {
    "start": "2023-04-03T00:00Z",
    "end": "2023-04-14T23:59Z",
    "year": 2023,
    "stateCode": "NW",
    "name": "osterferien",
    "name_cp": "Osterferien",
    "slug": "osterferien-2023-NW"
  },
  {
    "start": "2023-05-30T00:00Z",
    "end": "2023-05-30T23:59Z",
    "year": 2023,
    "stateCode": "NW",
    "name": "pfingstferien",
    "name_cp": "Pfingstferien",
    "slug": "pfingstferien-2023-NW"
  },
  {
    "start": "2023-06-22T00:00Z",
    "end": "2023-08-03T23:59Z",
    "year": 2023,
    "stateCode": "NW",
    "name": "sommerferien",
    "name_cp": "Sommerferien",
    "slug": "sommerferien-2023-NW"
  },
  {
    "start": "2023-10-02T00:00Z",
    "end": "2023-10-13T23:59Z",
    "year": 2023,
    "stateCode": "NW",
    "name": "herbstferien",
    "name_cp": "Herbstferien",
    "slug": "herbstferien-2023-NW"
  },
  {
    "start": "2023-12-21T00:00Z",
    "end": "2024-01-04T23:59Z",
    "year": 2023,
    "stateCode": "NW",
    "name": "weihnachtsferien",
    "name_cp": "Weihnachtsferien",
    "slug": "weihnachtsferien-2023-NW"
  },
  {
    "start": "2023-04-03T00:00Z",
    "end": "2023-04-05T23:59Z",
    "year": 2023,
    "stateCode": "RP",
    "name": "osterferien",
    "name_cp": "Osterferien",
    "slug": "osterferien-2023-RP"
  },
  {
    "start": "2023-05-30T00:00Z",
    "end": "2023-06-06T23:59Z",
    "year": 2023,
    "stateCode": "RP",
    "name": "pfingstferien",
    "name_cp": "Pfingstferien",
    "slug": "pfingstferien-2023-RP"
  },
  {
    "start": "2023-07-24T00:00Z",
    "end": "2023-08-31T23:59Z",
    "year": 2023,
    "stateCode": "RP",
    "name": "sommerferien",
    "name_cp": "Sommerferien",
    "slug": "sommerferien-2023-RP"
  },
  {
    "start": "2023-10-16T00:00Z",
    "end": "2023-10-26T23:59Z",
    "year": 2023,
    "stateCode": "RP",
    "name": "herbstferien",
    "name_cp": "Herbstferien",
    "slug": "herbstferien-2023-RP"
  },
  {
    "start": "2023-12-27T00:00Z",
    "end": "2024-01-04T23:59Z",
    "year": 2023,
    "stateCode": "RP",
    "name": "weihnachtsferien",
    "name_cp": "Weihnachtsferien",
    "slug": "weihnachtsferien-2023-RP"
  },
  {
    "start": "2023-02-20T00:00Z",
    "end": "2023-02-23T23:59Z",
    "year": 2023,
    "stateCode": "SL",
    "name": "winterferien",
    "name_cp": "Winterferien",
    "slug": "winterferien-2023-SL"
  },
  {
    "start": "2023-04-03T00:00Z",
    "end": "2023-04-11T23:59Z",
    "year": 2023,
    "stateCode": "SL",
    "name": "osterferien",
    "name_cp": "Osterferien",
    "slug": "osterferien-2023-SL"
  },
  {
    "start": "2023-05-30T00:00Z",
    "end": "2023-06-01T23:59Z",
    "year": 2023,
    "stateCode": "SL",
    "name": "pfingstferien",
    "name_cp": "Pfingstferien",
    "slug": "pfingstferien-2023-SL"
  },
  {
    "start": "2023-07-24T00:00Z",
    "end": "2023-08-31T23:59Z",
    "year": 2023,
    "stateCode": "SL",
    "name": "sommerferien",
    "name_cp": "Sommerferien",
    "slug": "sommerferien-2023-SL"
  },
  {
    "start": "2023-10-02T00:00Z",
    "end": "2023-10-13T23:59Z",
    "year": 2023,
    "stateCode": "SL",
    "name": "herbstferien",
    "name_cp": "Herbstferien",
    "slug": "herbstferien-2023-SL"
  },
  {
    "start": "2023-10-30T00:00Z",
    "end": "2023-10-30T23:59Z",
    "year": 2023,
    "stateCode": "SL",
    "name": "herbstferien",
    "name_cp": "Herbstferien",
    "slug": "herbstferien-2023-SL"
  },
  {
    "start": "2023-12-21T00:00Z",
    "end": "2024-01-01T23:59Z",
    "year": 2023,
    "stateCode": "SL",
    "name": "weihnachtsferien",
    "name_cp": "Weihnachtsferien",
    "slug": "weihnachtsferien-2023-SL"
  },
  {
    "start": "2023-02-13T00:00Z",
    "end": "2023-02-23T23:59Z",
    "year": 2023,
    "stateCode": "SN",
    "name": "winterferien",
    "name_cp": "Winterferien",
    "slug": "winterferien-2023-SN"
  },
  {
    "start": "2023-04-07T00:00Z",
    "end": "2023-04-14T23:59Z",
    "year": 2023,
    "stateCode": "SN",
    "name": "osterferien",
    "name_cp": "Osterferien",
    "slug": "osterferien-2023-SN"
  },
  {
    "start": "2023-05-19T00:00Z",
    "end": "2023-05-19T23:59Z",
    "year": 2023,
    "stateCode": "SN",
    "name": "pfingstferien",
    "name_cp": "Pfingstferien",
    "slug": "pfingstferien-2023-SN"
  },
  {
    "start": "2023-07-10T00:00Z",
    "end": "2023-08-17T23:59Z",
    "year": 2023,
    "stateCode": "SN",
    "name": "sommerferien",
    "name_cp": "Sommerferien",
    "slug": "sommerferien-2023-SN"
  },
  {
    "start": "2023-10-02T00:00Z",
    "end": "2023-10-02T23:59Z",
    "year": 2023,
    "stateCode": "SN",
    "name": "herbstferien",
    "name_cp": "Herbstferien",
    "slug": "herbstferien-2023-SN"
  },
  {
    "start": "2023-10-16T00:00Z",
    "end": "2023-10-29T23:59Z",
    "year": 2023,
    "stateCode": "SN",
    "name": "herbstferien",
    "name_cp": "Herbstferien",
    "slug": "herbstferien-2023-SN"
  },
  {
    "start": "2023-12-23T00:00Z",
    "end": "2024-01-01T23:59Z",
    "year": 2023,
    "stateCode": "SN",
    "name": "weihnachtsferien",
    "name_cp": "Weihnachtsferien",
    "slug": "weihnachtsferien-2023-SN"
  },
  {
    "start": "2023-02-06T00:00Z",
    "end": "2023-02-10T23:59Z",
    "year": 2023,
    "stateCode": "ST",
    "name": "winterferien",
    "name_cp": "Winterferien",
    "slug": "winterferien-2023-ST"
  },
  {
    "start": "2023-04-13T00:00Z",
    "end": "2023-04-07T23:59Z",
    "year": 2023,
    "stateCode": "ST",
    "name": "osterferien",
    "name_cp": "Osterferien",
    "slug": "osterferien-2023-ST"
  },
  {
    "start": "2023-05-15T00:00Z",
    "end": "2023-05-18T23:59Z",
    "year": 2023,
    "stateCode": "ST",
    "name": "pfingstferien",
    "name_cp": "Pfingstferien",
    "slug": "pfingstferien-2023-ST"
  },
  {
    "start": "2023-07-06T00:00Z",
    "end": "2023-08-15T23:59Z",
    "year": 2023,
    "stateCode": "ST",
    "name": "sommerferien",
    "name_cp": "Sommerferien",
    "slug": "sommerferien-2023-ST"
  },
  {
    "start": "2023-10-02T00:00Z",
    "end": "2023-10-02T23:59Z",
    "year": 2023,
    "stateCode": "ST",
    "name": "herbstferien",
    "name_cp": "Herbstferien",
    "slug": "herbstferien-2023-ST"
  },
  {
    "start": "2023-10-16T00:00Z",
    "end": "2023-10-29T23:59Z",
    "year": 2023,
    "stateCode": "ST",
    "name": "herbstferien",
    "name_cp": "Herbstferien",
    "slug": "herbstferien-2023-ST"
  },
  {
    "start": "2023-12-21T00:00Z",
    "end": "2024-01-02T23:59Z",
    "year": 2023,
    "stateCode": "ST",
    "name": "weihnachtsferien",
    "name_cp": "Weihnachtsferien",
    "slug": "weihnachtsferien-2023-ST"
  },
  {
    "start": "2023-04-06T00:00Z",
    "end": "2023-04-21T23:59Z",
    "year": 2023,
    "stateCode": "SH",
    "name": "osterferien",
    "name_cp": "Osterferien",
    "slug": "osterferien-2023-SH"
  },
  {
    "start": "2023-05-19T00:00Z",
    "end": "2023-05-19T23:59Z",
    "year": 2023,
    "stateCode": "SH",
    "name": "pfingstferien",
    "name_cp": "Pfingstferien",
    "slug": "pfingstferien-2023-SH"
  },
  {
    "start": "2023-07-07T00:00Z",
    "end": "2023-08-25T23:59Z",
    "year": 2023,
    "stateCode": "SH",
    "name": "sommerferien",
    "name_cp": "Sommerferien",
    "slug": "sommerferien-2023-SH"
  },
  {
    "start": "2023-10-16T00:00Z",
    "end": "2023-10-26T23:59Z",
    "year": 2023,
    "stateCode": "SH",
    "name": "herbstferien",
    "name_cp": "Herbstferien",
    "slug": "herbstferien-2023-SH"
  },
  {
    "start": "2023-12-27T00:00Z",
    "end": "2024-01-05T23:59Z",
    "year": 2023,
    "stateCode": "SH",
    "name": "weihnachtsferien",
    "name_cp": "Weihnachtsferien",
    "slug": "weihnachtsferien-2023-SH"
  },
  {
    "start": "2023-02-13T00:00Z",
    "end": "2023-02-16T23:59Z",
    "year": 2023,
    "stateCode": "TH",
    "name": "winterferien",
    "name_cp": "Winterferien",
    "slug": "winterferien-2023-TH"
  },
  {
    "start": "2023-04-03T00:00Z",
    "end": "2023-04-14T23:59Z",
    "year": 2023,
    "stateCode": "TH",
    "name": "osterferien",
    "name_cp": "Osterferien",
    "slug": "osterferien-2023-TH"
  },
  {
    "start": "2023-05-19T00:00Z",
    "end": "2023-05-19T23:59Z",
    "year": 2023,
    "stateCode": "TH",
    "name": "pfingstferien",
    "name_cp": "Pfingstferien",
    "slug": "pfingstferien-2023-TH"
  },
  {
    "start": "2023-07-10T00:00Z",
    "end": "2023-08-17T23:59Z",
    "year": 2023,
    "stateCode": "TH",
    "name": "sommerferien",
    "name_cp": "Sommerferien",
    "slug": "sommerferien-2023-TH"
  },
  {
    "start": "2023-10-02T00:00Z",
    "end": "2023-10-13T23:59Z",
    "year": 2023,
    "stateCode": "TH",
    "name": "herbstferien",
    "name_cp": "Herbstferien",
    "slug": "herbstferien-2023-TH"
  },
  {
    "start": "2023-12-22T00:00Z",
    "end": "2024-01-04T23:59Z",
    "year": 2023,
    "stateCode": "TH",
    "name": "weihnachtsferien",
    "name_cp": "Weihnachtsferien",
    "slug": "weihnachtsferien-2023-TH"
  }
]