[
  {
    "start": "2024-03-23T00:00Z",
    "end": "2024-04-05T23:59Z",
    "year": 2024,
    "stateCode": "BW",
    "name": "osterferien",
    "name_cp": "Osterferien",
    "slug": "osterferien-2024-BW"
  },
  {
    "start": "2024-05-21T00:00Z",
    "end": "2024-05-31T23:59Z",
    "year": 2024,
    "stateCode": "BW",
    "name": "pfingstferien",
    "name_cp": "Pfingstferien",
    "slug": "pfingstferien-2024-BW"
  },
  {
    "start": "2024-07-25T00:00Z",
    "end": "2024-09-07T23:59Z",
    "year": 2024,
    "stateCode": "BW",
    "name": "sommerferien",
    "name_cp": "Sommerferien",
    "slug": "sommerferien-2024-BW"
  },
  {
    "start": "2024-10-28T00:00Z",
    "end": "2024-10-30T23:59Z",
    "year": 2024,
    "stateCode": "BW",
    "name": "herbstferien",
    "name_cp": "Herbstferien",
    "slug": "herbstferien-2024-BW"
  },
  {
    "start": "2024-10-31T00:00Z",
    "end": "2024-10-31T23:59Z",
    "year": 2024,
    "stateCode": "BW",
    "name": "herbstferien",
    "name_cp": "Herbstferien",
    "slug": "herbstferien-2024-BW"
  },
  {
    "start": "2024-12-23T00:00Z",
    "end": "2025-01-04T23:59Z",
    "year": 2024,
    "stateCode": "BW",
    "name": "weihnachtsferien",
    "name_cp": "Weihnachtsferien",
    "slug": "weihnachtsferien-2024-BW"
  },
  {
    "start": "2024-02-12T00:00Z",
    "end": "2024-02-16T23:59Z",
    "year": 2024,
    "stateCode": "BY",
    "name": "winterferien",
    "name_cp": "Winterferien",
    "slug": "winterferien-2024-BY"
  },
  {
    "start": "2024-03-25T00:00Z",
    "end": "2024-04-06T23:59Z",
    "year": 2024,
    "stateCode": "BY",
    "name": "osterferien",
    "name_cp": "Osterferien",
    "slug": "osterferien-2024-BY"
  },
  {
    "start": "2024-05-21T00:00Z",
    "end": "2024-06-01T23:59Z",
    "year": 2024,
    "stateCode": "BY",
    "name": "pfingstferien",
    "name_cp": "Pfingstferien",
    "slug": "pfingstferien-2024-BY"
  },
  {
    "start": "2024-07-29T00:00Z",
    "end": "2024-09-09T23:59Z",
    "year": 2024,
    "stateCode": "BY",
    "name": "sommerferien",
    "name_cp": "Sommerferien",
    "slug": "sommerferien-2024-BY"
  },
  {
    "start": "2024-10-28T00:00Z",
    "end": "2024-10-31T23:59Z",
    "year": 2024,
    "stateCode": "BY",
    "name": "herbstferien",
    "name_cp": "Herbstferien",
    "slug": "herbstferien-2024-BY"
  },
  {
    "start": "2024-11-20T00:00Z",
    "end": "2024-11-20T23:59Z",
    "year": 2024,
    "stateCode": "BY",
    "name": "herbstferien",
    "name_cp": "Herbstferien",
    "slug": "herbstferien-2024-BY"
  },
  {
    "start": "2024-12-23T00:00Z",
    "end": "2025-01-03T23:59Z",
    "year": 2024,
    "stateCode": "BY",
    "name": "weihnachtsferien",
    "name_cp": "Weihnachtsferien",
    "slug": "weihnachtsferien-2024-BY"
  },
  {
    "start": "2024-02-05T00:00Z",
    "end": "2024-02-10T23:59Z",
    "year": 2024,
    "stateCode": "BE",
    "name": "winterferien",
    "name_cp": "Winterferien",
    "slug": "winterferien-2024-BE"
  },
  {
    "start": "2024-03-25T00:00Z",
    "end": "2024-04-05T23:59Z",
    "year": 2024,
    "stateCode": "BE",
    "name": "osterferien",
    "name_cp": "Osterferien",
    "slug": "osterferien-2024-BE"
  },
  {
    "start": "2024-05-10T00:00Z",
    "end": "2024-05-10T23:59Z",
    "year": 2024,
    "stateCode": "BE",
    "name": "pfingstferien",
    "name_cp": "Pfingstferien",
    "slug": "pfingstferien-2024-BE"
  },
  {
    "start": "2024-07-18T00:00Z",
    "end": "2024-08-30T23:59Z",
    "year": 2024,
    "stateCode": "BE",
    "name": "sommerferien",
    "name_cp": "Sommerferien",
    "slug": "sommerferien-2024-BE"
  },
  {
    "start": "2024-10-04T00:00Z",
    "end": "2024-10-04T23:59Z",
    "year": 2024,
    "stateCode": "BE",
    "name": "herbstferien",
    "name_cp": "Herbstferien",
    "slug": "herbstferien-2024-BE"
  },
  {
    "start": "2024-10-21T00:00Z",
    "end": "2024-11-02T23:59Z",
    "year": 2024,
    "stateCode": "BE",
    "name": "herbstferien",
    "name_cp": "Herbstferien",
    "slug": "herbstferien-2024-BE"
  },
  {
    "start": "2024-12-23T00:00Z",
    "end": "2024-12-31T23:59Z",
    "year": 2024,
    "stateCode": "BE",
    "name": "weihnachtsferien",
    "name_cp": "Weihnachtsferien",
    "slug": "weihnachtsferien-2024-BE"
  },
  {
    "start": "2024-02-05T00:00Z",
    "end": "2024-02-09T23:59Z",
    "year": 2024,
    "stateCode": "BB",
    "name": "winterferien",
    "name_cp": "Winterferien",
    "slug": "winterferien-2024-BB"
  },
  {
    "start": "2024-03-25T00:00Z",
    "end": "2024-04-05T23:59Z",
    "year": 2024,
    "stateCode": "BB",
    "name": "osterferien",
    "name_cp": "Osterferien",
    "slug": "osterferien-2024-BB"
  },
  {
    "start": "2024-07-18T00:00Z",
    "end": "2024-08-31T23:59Z",
    "year": 2024,
    "stateCode": "BB",
    "name": "sommerferien",
    "name_cp": "Sommerferien",
    "slug": "sommerferien-2024-BB"
  },
  {
    "start": "2024-10-04T00:00Z",
    "end": "2024-10-04T23:59Z",
    "year": 2024,
    "stateCode": "BB",
    "name": "herbstferien",
    "name_cp": "Herbstferien",
    "slug": "herbstferien-2024-BB"
  },
  {
    "start": "2024-10-21T00:00Z",
    "end": "2024-11-02T23:59Z",
    "year": 2024,
    "stateCode": "BB",
    "name": "herbstferien",
    "name_cp": "Herbstferien",
    "slug": "herbstferien-2024-BB"
  },
  {
    "start": "2024-12-23T00:00Z",
    "end": "2024-12-31T23:59Z",
    "year": 2024,
    "stateCode": "BB",
    "name": "weihnachtsferien",
    "name_cp": "Weihnachtsferien",
    "slug": "weihnachtsferien-2024-BB"
  },
  {
    "start": "2024-02-01T00:00Z",
    "end": "2024-02-02T23:59Z",
    "year": 2024,
    "stateCode": "HB",
    "name": "winterferien",
    "name_cp": "Winterferien",
    "slug": "winterferien-2024-HB"
  },
  {
    "start": "2024-03-18T00:00Z",
    "end": "2024-03-28T23:59Z",
    "year": 2024,
    "stateCode": "HB",
    "name": "osterferien",
    "name_cp": "Osterferien",
    "slug": "osterferien-2024-HB"
  },
  {
    "start": "2024-05-10T00:00Z",
    "end": "2024-05-10T23:59Z",
    "year": 2024,
    "stateCode": "HB",
    "name": "pfingstferien",
    "name_cp": "Pfingstferien",
    "slug": "pfingstferien-2024-HB"
  },
  {
    "start": "2024-05-21T00:00Z",
    "end": "2024-05-21T23:59Z",
    "year": 2024,
    "stateCode": "HB",
    "name": "pfingstferien",
    "name_cp": "Pfingstferien",
    "slug": "pfingstferien-2024-HB"
  },
  {
    "start": "2024-06-24T00:00Z",
    "end": "2024-08-02T23:59Z",
    "year": 2024,
    "stateCode": "HB",
    "name": "sommerferien",
    "name_cp": "Sommerferien",
    "slug": "sommerferien-2024-HB"
  },
  {
    "start": "2024-10-04T00:00Z",
    "end": "2024-10-19T23:59Z",
    "year": 2024,
    "stateCode": "HB",
    "name": "herbstferien",
    "name_cp": "Herbstferien",
    "slug": "herbstferien-2024-HB"
  },
  {
    "start": "2024-11-01T00:00Z",
    "end": "2024-11-01T23:59Z",
    "year": 2024,
    "stateCode": "HB",
    "name": "herbstferien",
    "name_cp": "Herbstferien",
    "slug": "herbstferien-2024-HB"
  },
  {
    "start": "2024-12-23T00:00Z",
    "end": "2025-01-04T23:59Z",
    "year": 2024,
    "stateCode": "HB",
    "name": "weihnachtsferien",
    "name_cp": "Weihnachtsferien",
    "slug": "weihnachtsferien-2024-HB"
  },
  {
    "start": "2024-02-02T00:00Z",
    "end": "2024-02-02T23:59Z",
    "year": 2024,
    "stateCode": "HH",
    "name": "winterferien",
    "name_cp": "Winterferien",
    "slug": "winterferien-2024-HH"
  },
  {
    "start": "2024-03-18T00:00Z",
    "end": "2024-03-28T23:59Z",
    "year": 2024,
    "stateCode": "HH",
    "name": "osterferien",
    "name_cp": "Osterferien",
    "slug": "osterferien-2024-HH"
  },
  {
    "start": "2024-05-10T00:00Z",
    "end": "2024-05-10T23:59Z",
    "year": 2024,
    "stateCode": "HH",
    "name": "pfingstferien",
    "name_cp": "Pfingstferien",
    "slug": "pfingstferien-2024-HH"
  },
  {
    "start": "2024-05-21T00:00Z",
    "end": "2024-05-24T23:59Z",
    "year": 2024,
    "stateCode": "HH",
    "name": "pfingstferien",
    "name_cp": "Pfingstferien",
    "slug": "pfingstferien-2024-HH"
  },
  {
    "start": "2024-07-18T00:00Z",
    "end": "2024-08-28T23:59Z",
    "year": 2024,
    "stateCode": "HH",
    "name": "sommerferien",
    "name_cp": "Sommerferien",
    "slug": "sommerferien-2024-HH"
  },
  {
    "start": "2024-10-04T00:00Z",
    "end": "2024-10-04T23:59Z",
    "year": 2024,
    "stateCode": "HH",
    "name": "herbstferien",
    "name_cp": "Herbstferien",
    "slug": "herbstferien-2024-HH"
  },
  {
    "start": "2024-10-21T00:00Z",
    "end": "2024-11-01T23:59Z",
    "year": 2024,
    "stateCode": "HH",
    "name": "herbstferien",
    "name_cp": "Herbstferien",
    "slug": "herbstferien-2024-HH"
  },
  {
    "start": "2024-12-20T00:00Z",
    "end": "2025-01-03T23:59Z",
    "year": 2024,
    "stateCode": "HH",
    "name": "weihnachtsferien",
    "name_cp": "Weihnachtsferien",
    "slug": "weihnachtsferien-2024-HH"
  },
  {
    "start": "2024-03-25T00:00Z",
    "end": "2024-04-13T23:59Z",
    "year": 2024,
    "stateCode": "HE",
    "name": "osterferien",
    "name_cp": "Osterferien",
    "slug": "osterferien-2024-HE"
  },
  {
    "start": "2024-07-15T00:00Z",
    "end": "2024-08-23T23:59Z",
    "year": 2024,
    "stateCode": "HE",
    "name": "sommerferien",
    "name_cp": "Sommerferien",
    "slug": "sommerferien-2024-HE"
  },
  {
    "start": "2024-02-05T00:00Z",
    "end": "2024-02-16T23:59Z",
    "year": 2024,
    "stateCode": "MV",
    "name": "winterferien",
    "name_cp": "Winterferien",
    "slug": "winterferien-2024-MV"
  },
  {
    "start": "2024-03-25T00:00Z",
    "end": "2024-04-03T23:59Z",
    "year": 2024,
    "stateCode": "MV",
    "name": "osterferien",
    "name_cp": "Osterferien",
    "slug": "osterferien-2024-MV"
  },
  {
    "start": "2024-05-10T00:00Z",
    "end": "2024-05-10T23:59Z",
    "year": 2024,
    "stateCode": "MV",
    "name": "pfingstferien",
    "name_cp": "Pfingstferien",
    "slug": "pfingstferien-2024-MV"
  },
  {
    "start": "2024-05-17T00:00Z",
    "end": "2024-05-21T23:59Z",
    "year": 2024,
    "stateCode": "MV",
    "name": "pfingstferien",
    "name_cp": "Pfingstferien",
    "slug": "pfingstferien-2024-MV"
  },
  {
    "start": "2024-07-22T00:00Z",
    "end": "2024-08-31T23:59Z",
    "year": 2024,
    "stateCode": "MV",
    "name": "sommerferien",
    "name_cp": "Sommerferien",
    "slug": "sommerferien-2024-MV"
  },
  {
    "start": "2024-10-04T00:00Z",
    "end": "2024-10-04T23:59Z",
    "year": 2024,
    "stateCode": "MV",
    "name": "herbstferien",
    "name_cp": "Herbstferien",
    "slug": "herbstferien-2024-MV"
  },
  {
    "start": "2024-10-21T00:00Z",
    "end": "2024-10-26T23:59Z",
    "year": 2024,
    "stateCode": "MV",
    "name": "herbstferien",
    "name_cp": "Herbstferien",
    "slug": "herbstferien-2024-MV"
  },
  {
    "start": "2024-11-01T00:00Z",
    "end": "2024-11-01T23:59Z",
    "year": 2024,
    "stateCode": "MV",
    "name": "herbstferien",
    "name_cp": "Herbstferien",
    "slug": "herbstferien-2024-MV"
  },
  {
    "start": "2024-12-23T00:00Z",
    "end": "2025-01-06T23:59Z",
    "year": 2024,
    "stateCode": "MV",
    "name": "weihnachtsferien",
    "name_cp": "Weihnachtsferien",
    "slug": "weihnachtsferien-2024-MV"
  },
  {
    "start": "2024-02-01T00:00Z",
    "end": "2024-02-02T23:59Z",
    "year": 2024,
    "stateCode": "NI",
    "name": "winterferien",
    "name_cp": "Winterferien",
    "slug": "winterferien-2024-NI"
  },
  {
    "start": "2024-03-18T00:00Z",
    "end": "2024-03-28T23:59Z",
    "year": 2024,
    "stateCode": "NI",
    "name": "osterferien",
    "name_cp": "Osterferien",
    "slug": "osterferien-2024-NI"
  },
  {
    "start": "2024-05-10T00:00Z",
    "end": "2024-05-10T23:59Z",
    "year": 2024,
    "stateCode": "NI",
    "name": "pfingstferien",
    "name_cp": "Pfingstferien",
    "slug": "pfingstferien-2024-NI"
  },
  {
    "start": "2024-05-21T00:00Z",
    "end": "2024-05-21T23:59Z",
    "year": 2024,
    "stateCode": "NI",
    "name": "pfingstferien",
    "name_cp": "Pfingstferien",
    "slug": "pfingstferien-2024-NI"
  },
  {
    "start": "2024-06-24T00:00Z",
    "end": "2024-08-03T23:59Z",
    "year": 2024,
    "stateCode": "NI",
    "name": "sommerferien",
    "name_cp": "Sommerferien",
    "slug": "sommerferien-2024-NI"
  },
  {
    "start": "2024-10-04T00:00Z",
    "end": "2024-10-19T23:59Z",
    "year": 2024,
    "stateCode": "NI",
    "name": "herbstferien",
    "name_cp": "Herbstferien",
    "slug": "herbstferien-2024-NI"
  },
  {
    "start": "2024-11-01T00:00Z",
    "end": "2024-11-01T23:59Z",
    "year": 2024,
    "stateCode": "NI",
    "name": "herbstferien",
    "name_cp": "Herbstferien",
    "slug": "herbstferien-2024-NI"
  },
  {
    "start": "2024-12-23T00:00Z",
    "end": "2025-01-04T23:59Z",
    "year": 2024,
    "stateCode": "NI",
    "name": "weihnachtsferien",
    "name_cp": "Weihnachtsferien",
    "slug": "weihnachtsferien-2024-NI"
  },
  {
    "start": "2024-03-25T00:00Z",
    "end": "2024-04-06T23:59Z",
    "year": 2024,
    "stateCode": "NW",
    "name": "osterferien",
    "name_cp": "Osterferien",
    "slug": "osterferien-2024-NW"
  },
  {
    "start": "2024-05-21T00:00Z",
    "end": "2024-05-21T23:59Z",
    "year": 2024,
    "stateCode": "NW",
    "name": "pfingstferien",
    "name_cp": "Pfingstferien",
    "slug": "pfingstferien-2024-NW"
  },
  {
    "start": "2024-07-08T00:00Z",
    "end": "2024-08-20T23:59Z",
    "year": 2024,
    "stateCode": "NW",
    "name": "sommerferien",
    "name_cp": "Sommerferien",
    "slug": "sommerferien-2024-NW"
  },
  {
    "start": "2024-10-14T00:00Z",
    "end": "2024-10-26T23:59Z",
    "year": 2024,
    "stateCode": "NW",
    "name": "herbstferien",
    "name_cp": "Herbstferien",
    "slug": "herbstferien-2024-NW"
  },
  {
    "start": "2024-12-23T00:00Z",
    "end": "2025-01-06T23:59Z",
    "year": 2024,
    "stateCode": "NW",
    "name": "weihnachtsferien",
    "name_cp": "Weihnachtsferien",
    "slug": "weihnachtsferien-2024-NW"
  },
  {
    "start": "2024-03-25T00:00Z",
    "end": "2024-04-02T23:59Z",
    "year": 2024,
    "stateCode": "BY",
    "name": "osterferien",
    "name_cp": "Osterferien",
    "slug": "osterferien-2024-BY"
  },
  {
    "start": "2024-05-21T00:00Z",
    "end": "2024-05-29T23:59Z",
    "year": 2024,
    "stateCode": "RP",
    "name": "pfingstferien",
    "name_cp": "Pfingstferien",
    "slug": "pfingstferien-2024-RP"
  },
  {
    "start": "2024-07-15T00:00Z",
    "end": "2024-08-23T23:59Z",
    "year": 2024,
    "stateCode": "RP",
    "name": "sommerferien",
    "name_cp": "Sommerferien",
    "slug": "sommerferien-2024-RP"
  },
  {
    "start": "2024-10-14T00:00Z",
    "end": "2024-10-25T23:59Z",
    "year": 2024,
    "stateCode": "RP",
    "name": "herbstferien",
    "name_cp": "Herbstferien",
    "slug": "herbstferien-2024-RP"
  },
  {
    "start": "2024-12-23T00:00Z",
    "end": "2025-01-08T23:59Z",
    "year": 2024,
    "stateCode": "RP",
    "name": "weihnachtsferien",
    "name_cp": "Weihnachtsferien",
    "slug": "weihnachtsferien-2024-RP"
  },
  {
    "start": "2024-02-12T00:00Z",
    "end": "2024-02-16T23:59Z",
    "year": 2024,
    "stateCode": "SL",
    "name": "winterferien",
    "name_cp": "Winterferien",
    "slug": "winterferien-2024-SL"
  },
  {
    "start": "2024-03-25T00:00Z",
    "end": "2024-04-05T23:59Z",
    "year": 2024,
    "stateCode": "SL",
    "name": "osterferien",
    "name_cp": "Osterferien",
    "slug": "osterferien-2024-SL"
  },
  {
    "start": "2024-05-21T00:00Z",
    "end": "2024-05-24T23:59Z",
    "year": 2024,
    "stateCode": "SL",
    "name": "pfingstferien",
    "name_cp": "Pfingstferien",
    "slug": "pfingstferien-2024-SL"
  },
  {
    "start": "2024-07-15T00:00Z",
    "end": "2024-08-23T23:59Z",
    "year": 2024,
    "stateCode": "SL",
    "name": "sommerferien",
    "name_cp": "Sommerferien",
    "slug": "sommerferien-2024-SL"
  },
  {
    "start": "2024-10-14T00:00Z",
    "end": "2024-10-25T23:59Z",
    "year": 2024,
    "stateCode": "SL",
    "name": "herbstferien",
    "name_cp": "Herbstferien",
    "slug": "herbstferien-2024-SL"
  },
  {
    "start": "2024-12-23T00:00Z",
    "end": "2025-01-03T23:59Z",
    "year": 2024,
    "stateCode": "SL",
    "name": "weihnachtsferien",
    "name_cp": "Weihnachtsferien",
    "slug": "weihnachtsferien-2024-SL"
  },
  {
    "start": "2024-02-05T00:00Z",
    "end": "2024-02-10T23:59Z",
    "year": 2024,
    "stateCode": "ST",
    "name": "winterferien",
    "name_cp": "Winterferien",
    "slug": "winterferien-2024-ST"
  },
  {
    "start": "2024-03-25T00:00Z",
    "end": "2024-03-30T23:59Z",
    "year": 2024,
    "stateCode": "ST",
    "name": "osterferien",
    "name_cp": "Osterferien",
    "slug": "osterferien-2024-ST"
  },
  {
    "start": "2024-05-21T00:00Z",
    "end": "2024-05-24T23:59Z",
    "year": 2024,
    "stateCode": "ST",
    "name": "pfingstferien",
    "name_cp": "Pfingstferien",
    "slug": "pfingstferien-2024-ST"
  },
  {
    "start": "2024-06-24T00:00Z",
    "end": "2024-08-03T23:59Z",
    "year": 2024,
    "stateCode": "ST",
    "name": "sommerferien",
    "name_cp": "Sommerferien",
    "slug": "sommerferien-2024-ST"
  },
  {
    "start": "2024-09-30T00:00Z",
    "end": "2024-10-12T23:59Z",
    "year": 2024,
    "stateCode": "ST",
    "name": "herbstferien",
    "name_cp": "Herbstferien",
    "slug": "herbstferien-2024-ST"
  },
  {
    "start": "2024-11-01T00:00Z",
    "end": "2024-11-01T23:59Z",
    "year": 2024,
    "stateCode": "ST",
    "name": "herbstferien",
    "name_cp": "Herbstferien",
    "slug": "herbstferien-2024-ST"
  },
  {
    "start": "2024-12-23T00:00Z",
    "end": "2025-01-04T23:59Z",
    "year": 2024,
    "stateCode": "ST",
    "name": "weihnachtsferien",
    "name_cp": "Weihnachtsferien",
    "slug": "weihnachtsferien-2024-ST"
  },
  {
    "start": "2024-02-12T00:00Z",
    "end": "2024-02-23T23:59Z",
    "year": 2024,
    "stateCode": "SN",
    "name": "winterferien",
    "name_cp": "Winterferien",
    "slug": "winterferien-2024-SN"
  },
  {
    "start": "2024-03-28T00:00Z",
    "end": "2024-04-05T23:59Z",
    "year": 2024,
    "stateCode": "SN",
    "name": "osterferien",
    "name_cp": "Osterferien",
    "slug": "osterferien-2024-SN"
  },
  {
    "start": "2024-05-10T00:00Z",
    "end": "2024-05-10T23:59Z",
    "year": 2024,
    "stateCode": "SN",
    "name": "pfingstferien",
    "name_cp": "Pfingstferien",
    "slug": "pfingstferien-2024-SN"
  },
  {
    "start": "2024-05-18T00:00Z",
    "end": "2024-05-21T23:59Z",
    "year": 2024,
    "stateCode": "SN",
    "name": "pfingstferien",
    "name_cp": "Pfingstferien",
    "slug": "pfingstferien-2024-SN"
  },
  {
    "start": "2024-06-20T00:00Z",
    "end": "2024-08-02T23:59Z",
    "year": 2024,
    "stateCode": "SN",
    "name": "sommerferien",
    "name_cp": "Sommerferien",
    "slug": "sommerferien-2024-SN"
  },
  {
    "start": "2024-10-07T00:00Z",
    "end": "2024-10-19T23:59Z",
    "year": 2024,
    "stateCode": "SN",
    "name": "herbstferien",
    "name_cp": "Herbstferien",
    "slug": "herbstferien-2024-SN"
  },
  {
    "start": "2024-12-23T00:00Z",
    "end": "2025-01-03T23:59Z",
    "year": 2024,
    "stateCode": "SN",
    "name": "weihnachtsferien",
    "name_cp": "Weihnachtsferien",
    "slug": "weihnachtsferien-2024-SN"
  },
  {
    "start": "2024-04-02T00:00Z",
    "end": "2024-04-19T23:59Z",
    "year": 2024,
    "stateCode": "SH",
    "name": "osterferien",
    "name_cp": "Osterferien",
    "slug": "osterferien-2024-SH"
  },
  {
    "start": "2024-05-10T00:00Z",
    "end": "2024-05-11T23:59Z",
    "year": 2024,
    "stateCode": "SH",
    "name": "pfingstferien",
    "name_cp": "Pfingstferien",
    "slug": "pfingstferien-2024-SH"
  },
  {
    "start": "2024-07-22T00:00Z",
    "end": "2024-08-31T23:59Z",
    "year": 2024,
    "stateCode": "SH",
    "name": "sommerferien",
    "name_cp": "Sommerferien",
    "slug": "sommerferien-2024-SH"
  },
  {
    "start": "2024-10-04T00:00Z",
    "end": "2024-10-04T23:59Z",
    "year": 2024,
    "stateCode": "SH",
    "name": "herbstferien",
    "name_cp": "Herbstferien",
    "slug": "herbstferien-2024-SH"
  },
  {
    "start": "2024-10-21T00:00Z",
    "end": "2024-11-01T23:59Z",
    "year": 2024,
    "stateCode": "SH",
    "name": "herbstferien",
    "name_cp": "Herbstferien",
    "slug": "herbstferien-2024-SH"
  },
  {
    "start": "2024-12-19T00:00Z",
    "end": "2025-01-07T23:59Z",
    "year": 2024,
    "stateCode": "SH",
    "name": "weihnachtsferien",
    "name_cp": "Weihnachtsferien",
    "slug": "weihnachtsferien-2024-SH"
  },
  {
    "start": "2024-02-12T00:00Z",
    "end": "2024-02-16T23:59Z",
    "year": 2024,
    "stateCode": "TH",
    "name": "winterferien",
    "name_cp": "Winterferien",
    "slug": "winterferien-2024-TH"
  },
  {
    "start": "2024-03-25T00:00Z",
    "end": "2024-04-06T23:59Z",
    "year": 2024,
    "stateCode": "TH",
    "name": "osterferien",
    "name_cp": "Osterferien",
    "slug": "osterferien-2024-TH"
  },
  {
    "start": "2024-05-10T00:00Z",
    "end": "2024-05-10T23:59Z",
    "year": 2024,
    "stateCode": "TH",
    "name": "pfingstferien",
    "name_cp": "Pfingstferien",
    "slug": "pfingstferien-2024-TH"
  },
  {
    "start": "2024-06-20T00:00Z",
    "end": "2024-07-31T23:59Z",
    "year": 2024,
    "stateCode": "TH",
    "name": "sommerferien",
    "name_cp": "Sommerferien",
    "slug": "sommerferien-2024-TH"
  },
  {
    "start": "2024-09-30T00:00Z",
    "end": "2024-10-12T23:59Z",
    "year": 2024,
    "stateCode": "TH",
    "name": "herbstferien",
    "name_cp": "Herbstferien",
    "slug": "herbstferien-2024-TH"
  },
  {
    "start": "2024-12-23T00:00Z",
    "end": "2025-01-03T23:59Z",
    "year": 2024,
    "stateCode": "TH",
    "name": "weihnachtsferien",
    "name_cp": "Weihnachtsferien",
    "slug": "weihnachtsferien-2024-TH"
  }
]