[
  {
    "start": "2026-03-30T00:00Z",
    "end": "2026-04-11T23:59Z",
    "year": 2026,
    "stateCode": "BW",
    "name": "osterferien",
    "slug": "osterferien-2026-BW"
  },
  {
    "start": "2026-05-26T00:00Z",
    "end": "2026-06-05T23:59Z",
    "year": 2026,
    "stateCode": "BW",
    "name": "pfingstferien",
    "slug": "pfingstferien-2026-BW"
  },
  {
    "start": "2026-07-30T00:00Z",
    "end": "2026-09-12T23:59Z",
    "year": 2026,
    "stateCode": "BW",
    "name": "sommerferien",
    "slug": "sommerferien-2026-BW"
  },
  {
    "start": "2026-10-26T00:00Z",
    "end": "2026-10-30T23:59Z",
    "year": 2026,
    "stateCode": "BW",
    "name": "herbstferien",
    "slug": "herbstferien-2026-BW"
  },
  {
    "start": "2026-10-31T00:00Z",
    "end": "2026-10-31T23:59Z",
    "year": 2026,
    "stateCode": "BW",
    "name": "herbstferien",
    "slug": "herbstferien-2026-BW"
  },
  {
    "start": "2026-12-23T00:00Z",
    "end": "2027-01-09T23:59Z",
    "year": 2026,
    "stateCode": "BW",
    "name": "weihnachtsferien",
    "slug": "weihnachtsferien-2026-BW"
  },
  {
    "start": "2026-02-16T00:00Z",
    "end": "2026-02-20T23:59Z",
    "year": 2026,
    "stateCode": "BY",
    "name": "winterferien",
    "slug": "winterferien-2026-BY"
  },
  {
    "start": "2026-03-30T00:00Z",
    "end": "2026-04-10T23:59Z",
    "year": 2026,
    "stateCode": "BY",
    "name": "osterferien",
    "slug": "osterferien-2026-BY"
  },
  {
    "start": "2026-05-26T00:00Z",
    "end": "2026-06-05T23:59Z",
    "year": 2026,
    "stateCode": "BY",
    "name": "pfingstferien",
    "slug": "pfingstferien-2026-BY"
  },
  {
    "start": "2026-08-03T00:00Z",
    "end": "2026-09-14T23:59Z",
    "year": 2026,
    "stateCode": "BY",
    "name": "sommerferien",
    "slug": "sommerferien-2026-BY"
  },
  {
    "start": "2026-11-02T00:00Z",
    "end": "2026-11-06T23:59Z",
    "year": 2026,
    "stateCode": "BY",
    "name": "herbstferien",
    "slug": "herbstferien-2026-BY"
  },
  {
    "start": "2026-11-18T00:00Z",
    "end": "2026-11-18T23:59Z",
    "year": 2026,
    "stateCode": "BY",
    "name": "herbstferien",
    "slug": "herbstferien-2026-BY"
  },
  {
    "start": "2026-12-24T00:00Z",
    "end": "2027-01-08T23:59Z",
    "year": 2026,
    "stateCode": "BY",
    "name": "weihnachtsferien",
    "slug": "weihnachtsferien-2026-BY"
  },
  {
    "start": "2026-02-02T00:00Z",
    "end": "2026-02-07T23:59Z",
    "year": 2026,
    "stateCode": "BE",
    "name": "winterferien",
    "slug": "winterferien-2026-BE"
  },
  {
    "start": "2026-03-30T00:00Z",
    "end": "2026-04-10T23:59Z",
    "year": 2026,
    "stateCode": "BE",
    "name": "osterferien",
    "slug": "osterferien-2026-BE"
  },
  {
    "start": "2026-05-15T00:00Z",
    "end": "2026-05-15T23:59Z",
    "year": 2026,
    "stateCode": "BE",
    "name": "osterferien",
    "slug": "osterferien-2026-BE"
  },
  {
    "start": "2026-05-26T00:00Z",
    "end": "2026-05-26T23:59Z",
    "year": 2026,
    "stateCode": "BE",
    "name": "pfingstferien",
    "slug": "pfingstferien-2026-BE"
  },
  {
    "start": "2026-07-09T00:00Z",
    "end": "2026-08-22T23:59Z",
    "year": 2026,
    "stateCode": "BE",
    "name": "sommerferien",
    "slug": "sommerferien-2026-BE"
  },
  {
    "start": "2026-10-19T00:00Z",
    "end": "2026-10-31T23:59Z",
    "year": 2026,
    "stateCode": "BE",
    "name": "herbstferien",
    "slug": "herbstferien-2026-BE"
  },
  {
    "start": "2026-12-23T00:00Z",
    "end": "2027-01-02T23:59Z",
    "year": 2026,
    "stateCode": "BE",
    "name": "weihnachtsferien",
    "slug": "weihnachtsferien-2026-BE"
  },
  {
    "start": "2026-02-02T00:00Z",
    "end": "2026-02-07T23:59Z",
    "year": 2026,
    "stateCode": "BB",
    "name": "winterferien",
    "slug": "winterferien-2026-BB"
  },
  {
    "start": "2026-03-30T00:00Z",
    "end": "2026-04-10T23:59Z",
    "year": 2026,
    "stateCode": "BB",
    "name": "osterferien",
    "slug": "osterferien-2026-BB"
  },
  {
    "start": "2026-05-15T00:00Z",
    "end": "2026-05-15T23:59Z",
    "year": 2026,
    "stateCode": "BB",
    "name": "osterferien",
    "slug": "osterferien-2026-BB"
  },
  {
    "start": "2026-05-26T00:00Z",
    "end": "2026-05-26T23:59Z",
    "year": 2026,
    "stateCode": "BB",
    "name": "pfingstferien",
    "slug": "pfingstferien-2026-BB"
  },
  {
    "start": "2026-07-09T00:00Z",
    "end": "2026-08-22T23:59Z",
    "year": 2026,
    "stateCode": "BB",
    "name": "sommerferien",
    "slug": "sommerferien-2026-BB"
  },
  {
    "start": "2026-10-19T00:00Z",
    "end": "2026-10-30T23:59Z",
    "year": 2026,
    "stateCode": "BB",
    "name": "herbstferien",
    "slug": "herbstferien-2026-BB"
  },
  {
    "start": "2026-12-23T00:00Z",
    "end": "2027-01-02T23:59Z",
    "year": 2026,
    "stateCode": "BB",
    "name": "weihnachtsferien",
    "slug": "weihnachtsferien-2026-BB"
  },
  {
    "start": "2026-02-02T00:00Z",
    "end": "2026-02-03T23:59Z",
    "year": 2026,
    "stateCode": "HB",
    "name": "winterferien",
    "slug": "winterferien-2026-HB"
  },
  {
    "start": "2026-03-23T00:00Z",
    "end": "2026-04-07T23:59Z",
    "year": 2026,
    "stateCode": "HB",
    "name": "osterferien",
    "slug": "osterferien-2026-HB"
  },
  {
    "start": "2026-05-15T00:00Z",
    "end": "2026-05-15T23:59Z",
    "year": 2026,
    "stateCode": "HB",
    "name": "pfingstferien",
    "slug": "pfingstferien-2026-HB"
  },
  {
    "start": "2026-05-26T00:00Z",
    "end": "2026-05-26T23:59Z",
    "year": 2026,
    "stateCode": "HB",
    "name": "pfingstferien",
    "slug": "pfingstferien-2026-HB"
  },
  {
    "start": "2026-07-02T00:00Z",
    "end": "2026-08-12T23:59Z",
    "year": 2026,
    "stateCode": "HB",
    "name": "sommerferien",
    "slug": "sommerferien-2026-HB"
  },
  {
    "start": "2026-10-12T00:00Z",
    "end": "2026-10-24T23:59Z",
    "year": 2026,
    "stateCode": "HB",
    "name": "herbstferien",
    "slug": "herbstferien-2026-HB"
  },
  {
    "start": "2026-12-23T00:00Z",
    "end": "2027-01-09T23:59Z",
    "year": 2026,
    "stateCode": "HB",
    "name": "weihnachtsferien",
    "slug": "weihnachtsferien-2026-HB"
  },
  {
    "start": "2026-01-30T00:00Z",
    "end": "2026-01-30T23:59Z",
    "year": 2026,
    "stateCode": "HH",
    "name": "winterferien",
    "slug": "winterferien-2026-HH"
  },
  {
    "start": "2026-03-02T00:00Z",
    "end": "2026-03-13T23:59Z",
    "year": 2026,
    "stateCode": "HH",
    "name": "osterferien",
    "slug": "osterferien-2026-HH"
  },
  {
    "start": "2026-05-11T00:00Z",
    "end": "2026-05-15T23:59Z",
    "year": 2026,
    "stateCode": "HH",
    "name": "pfingstferien",
    "slug": "pfingstferien-2026-HH"
  },
  {
    "start": "2026-07-09T00:00Z",
    "end": "2026-08-19T23:59Z",
    "year": 2026,
    "stateCode": "HH",
    "name": "sommerferien",
    "slug": "sommerferien-2026-HH"
  },
  {
    "start": "2026-10-19T00:00Z",
    "end": "2026-10-30T23:59Z",
    "year": 2026,
    "stateCode": "HH",
    "name": "herbstferien",
    "slug": "herbstferien-2026-HH"
  },
  {
    "start": "2026-12-21T00:00Z",
    "end": "2027-01-01T23:59Z",
    "year": 2026,
    "stateCode": "HH",
    "name": "weihnachtsferien",
    "slug": "weihnachtsferien-2026-HH"
  },
  {
    "start": "2026-03-30T00:00Z",
    "end": "2026-04-10T23:59Z",
    "year": 2026,
    "stateCode": "HE",
    "name": "osterferien",
    "slug": "osterferien-2026-HE"
  },
  {
    "start": "2026-06-29T00:00Z",
    "end": "2026-08-07T23:59Z",
    "year": 2026,
    "stateCode": "HE",
    "name": "sommerferien",
    "slug": "sommerferien-2026-HE"
  },
  {
    "start": "2026-10-05T00:00Z",
    "end": "2026-10-17T23:59Z",
    "year": 2026,
    "stateCode": "HE",
    "name": "herbstferien",
    "slug": "herbstferien-2026-HE"
  },
  {
    "start": "2026-12-23T00:00Z",
    "end": "2027-01-12T23:59Z",
    "year": 2026,
    "stateCode": "HE",
    "name": "weihnachtsferien",
    "slug": "weihnachtsferien-2026-HE"
  },
  {
    "start": "2026-02-09T00:00Z",
    "end": "2026-02-20T23:59Z",
    "year": 2026,
    "stateCode": "MV",
    "name": "winterferien",
    "slug": "winterferien-2026-MV"
  },
  {
    "start": "2026-03-30T00:00Z",
    "end": "2026-04-08T23:59Z",
    "year": 2026,
    "stateCode": "MV",
    "name": "osterferien",
    "slug": "osterferien-2026-MV"
  },
  {
    "start": "2026-05-15T00:00Z",
    "end": "2026-05-15T23:59Z",
    "year": 2026,
    "stateCode": "MV",
    "name": "pfingstferien",
    "slug": "pfingstferien-2026-MV"
  },
  {
    "start": "2026-05-22T00:00Z",
    "end": "2026-05-26T23:59Z",
    "year": 2026,
    "stateCode": "MV",
    "name": "pfingstferien",
    "slug": "pfingstferien-2026-MV"
  },
  {
    "start": "2026-07-13T00:00Z",
    "end": "2026-08-22T23:59Z",
    "year": 2026,
    "stateCode": "MV",
    "name": "sommerferien",
    "slug": "sommerferien-2026-MV"
  },
  {
    "start": "2026-10-19T00:00Z",
    "end": "2026-10-24T23:59Z",
    "year": 2026,
    "stateCode": "MV",
    "name": "herbstferien",
    "slug": "herbstferien-2026-MV"
  },
  {
    "start": "2026-11-26T00:00Z",
    "end": "2026-11-27T23:59Z",
    "year": 2026,
    "stateCode": "MV",
    "name": "herbstferien",
    "slug": "herbstferien-2026-MV"
  },
  {
    "start": "2026-12-19T00:00Z",
    "end": "2027-01-02T23:59Z",
    "year": 2026,
    "stateCode": "MV",
    "name": "weihnachtsferien",
    "slug": "weihnachtsferien-2026-MV"
  },
  {
    "start": "2026-02-02T00:00Z",
    "end": "2026-02-03T23:59Z",
    "year": 2026,
    "stateCode": "NI",
    "name": "winterferien",
    "slug": "winterferien-2026-NI"
  },
  {
    "start": "2026-03-23T00:00Z",
    "end": "2026-04-07T23:59Z",
    "year": 2026,
    "stateCode": "NI",
    "name": "osterferien",
    "slug": "osterferien-2026-NI"
  },
  {
    "start": "2026-05-15T00:00Z",
    "end": "2026-05-15T23:59Z",
    "year": 2026,
    "stateCode": "NI",
    "name": "pfingstferien",
    "slug": "pfingstferien-2026-NI"
  },
  {
    "start": "2026-05-26T00:00Z",
    "end": "2026-05-26T23:59Z",
    "year": 2026,
    "stateCode": "NI",
    "name": "pfingstferien",
    "slug": "pfingstferien-2026-NI"
  },
  {
    "start": "2026-07-02T00:00Z",
    "end": "2026-08-12T23:59Z",
    "year": 2026,
    "stateCode": "NI",
    "name": "sommerferien",
    "slug": "sommerferien-2026-NI"
  },
  {
    "start": "2026-10-12T00:00Z",
    "end": "2026-10-24T23:59Z",
    "year": 2026,
    "stateCode": "NI",
    "name": "herbstferien",
    "slug": "herbstferien-2026-NI"
  },
  {
    "start": "2026-12-23T00:00Z",
    "end": "2027-01-09T23:59Z",
    "year": 2026,
    "stateCode": "NI",
    "name": "weihnachtsferien",
    "slug": "weihnachtsferien-2026-NI"
  },
  {
    "start": "2026-03-30T00:00Z",
    "end": "2026-04-11T23:59Z",
    "year": 2026,
    "stateCode": "NW",
    "name": "osterferien",
    "slug": "osterferien-2026-NW"
  },
  {
    "start": "2026-05-26T00:00Z",
    "end": "2026-05-26T23:59Z",
    "year": 2026,
    "stateCode": "NW",
    "name": "pfingstferien",
    "slug": "pfingstferien-2026-NW"
  },
  {
    "start": "2026-07-20T00:00Z",
    "end": "2026-09-01T23:59Z",
    "year": 2026,
    "stateCode": "NW",
    "name": "sommerferien",
    "slug": "sommerferien-2026-NW"
  },
  {
    "start": "2026-10-17T00:00Z",
    "end": "2026-10-31T23:59Z",
    "year": 2026,
    "stateCode": "NW",
    "name": "herbstferien",
    "slug": "herbstferien-2026-NW"
  },
  {
    "start": "2026-12-23T00:00Z",
    "end": "2027-01-06T23:59Z",
    "year": 2026,
    "stateCode": "NW",
    "name": "weihnachtsferien",
    "slug": "weihnachtsferien-2026-NW"
  },
  {
    "start": "2026-03-30T00:00Z",
    "end": "2026-04-10T23:59Z",
    "year": 2026,
    "stateCode": "RP",
    "name": "osterferien",
    "slug": "osterferien-2026-RP"
  },
  {
    "start": "2026-06-29T00:00Z",
    "end": "2026-08-07T23:59Z",
    "year": 2026,
    "stateCode": "RP",
    "name": "sommerferien",
    "slug": "sommerferien-2026-RP"
  },
  {
    "start": "2026-10-05T00:00Z",
    "end": "2026-10-16T23:59Z",
    "year": 2026,
    "stateCode": "RP",
    "name": "herbstferien",
    "slug": "herbstferien-2026-RP"
  },
  {
    "start": "2026-12-23T00:00Z",
    "end": "2027-01-08T23:59Z",
    "year": 2026,
    "stateCode": "RP",
    "name": "weihnachtsferien",
    "slug": "weihnachtsferien-2026-RP"
  },
  {
    "start": "2026-02-16T00:00Z",
    "end": "2026-02-20T23:59Z",
    "year": 2026,
    "stateCode": "SL",
    "name": "winterferien",
    "slug": "winterferien-2026-SL"
  },
  {
    "start": "2026-04-07T00:00Z",
    "end": "2026-04-17T23:59Z",
    "year": 2026,
    "stateCode": "SL",
    "name": "osterferien",
    "slug": "osterferien-2026-SL"
  },
  {
    "start": "2026-06-29T00:00Z",
    "end": "2026-08-07T23:59Z",
    "year": 2026,
    "stateCode": "SL",
    "name": "sommerferien",
    "slug": "sommerferien-2026-SL"
  },
  {
    "start": "2026-10-05T00:00Z",
    "end": "2026-10-16T23:59Z",
    "year": 2026,
    "stateCode": "SL",
    "name": "herbstferien",
    "slug": "herbstferien-2026-SL"
  },
  {
    "start": "2026-12-21T00:00Z",
    "end": "2026-12-31T23:59Z",
    "year": 2026,
    "stateCode": "SL",
    "name": "weihnachtsferien",
    "slug": "weihnachtsferien-2026-SL"
  },
  {
    "start": "2026-01-31T00:00Z",
    "end": "2026-02-06T23:59Z",
    "year": 2026,
    "stateCode": "ST",
    "name": "winterferien",
    "slug": "winterferien-2026-ST"
  },
  {
    "start": "2026-03-30T00:00Z",
    "end": "2026-04-04T23:59Z",
    "year": 2026,
    "stateCode": "ST",
    "name": "osterferien",
    "slug": "osterferien-2026-ST"
  },
  {
    "start": "2026-05-26T00:00Z",
    "end": "2026-05-29T23:59Z",
    "year": 2026,
    "stateCode": "ST",
    "name": "pfingstferien",
    "slug": "pfingstferien-2026-ST"
  },
  {
    "start": "2026-07-04T00:00Z",
    "end": "2026-08-14T23:59Z",
    "year": 2026,
    "stateCode": "ST",
    "name": "sommerferien",
    "slug": "sommerferien-2026-ST"
  },
  {
    "start": "2026-10-19T00:00Z",
    "end": "2026-10-30T23:59Z",
    "year": 2026,
    "stateCode": "ST",
    "name": "herbstferien",
    "slug": "herbstferien-2026-ST"
  },
  {
    "start": "2026-12-21T00:00Z",
    "end": "2027-01-02T23:59Z",
    "year": 2026,
    "stateCode": "ST",
    "name": "weihnachtsferien",
    "slug": "weihnachtsferien-2026-ST"
  },
  {
    "start": "2026-02-09T00:00Z",
    "end": "2026-02-21T23:59Z",
    "year": 2026,
    "stateCode": "SN",
    "name": "winterferien",
    "slug": "winterferien-2026-SN"
  },
  {
    "start": "2026-04-03T00:00Z",
    "end": "2026-04-10T23:59Z",
    "year": 2026,
    "stateCode": "SN",
    "name": "osterferien",
    "slug": "osterferien-2026-SN"
  },
  {
    "start": "2026-05-15T00:00Z",
    "end": "2026-05-15T23:59Z",
    "year": 2026,
    "stateCode": "SN",
    "name": "osterferien",
    "slug": "osterferien-2026-SN"
  },
  {
    "start": "2026-07-04T00:00Z",
    "end": "2026-08-14T23:59Z",
    "year": 2026,
    "stateCode": "SN",
    "name": "sommerferien",
    "slug": "sommerferien-2026-SN"
  },
  {
    "start": "2026-10-12T00:00Z",
    "end": "2026-10-24T23:59Z",
    "year": 2026,
    "stateCode": "SN",
    "name": "herbstferien",
    "slug": "herbstferien-2026-SN"
  },
  {
    "start": "2026-12-23T00:00Z",
    "end": "2027-01-02T23:59Z",
    "year": 2026,
    "stateCode": "SN",
    "name": "weihnachtsferien",
    "slug": "weihnachtsferien-2026-SN"
  },
  {
    "start": "2026-02-02T00:00Z",
    "end": "2026-02-03T23:59Z",
    "year": 2026,
    "stateCode": "SH",
    "name": "winterferien",
    "slug": "winterferien-2026-SH"
  },
  {
    "start": "2026-03-26T00:00Z",
    "end": "2026-04-10T23:59Z",
    "year": 2026,
    "stateCode": "SH",
    "name": "osterferien",
    "slug": "osterferien-2026-SH"
  },
  {
    "start": "2026-05-15T00:00Z",
    "end": "2026-05-15T23:59Z",
    "year": 2026,
    "stateCode": "SH",
    "name": "pfingstferien",
    "slug": "pfingstferien-2026-SH"
  },
  {
    "start": "2026-07-04T00:00Z",
    "end": "2026-08-15T23:59Z",
    "year": 2026,
    "stateCode": "SH",
    "name": "sommerferien",
    "slug": "sommerferien-2026-SH"
  },
  {
    "start": "2026-10-12T00:00Z",
    "end": "2026-10-24T23:59Z",
    "year": 2026,
    "stateCode": "SH",
    "name": "herbstferien",
    "slug": "herbstferien-2026-SH"
  },
  {
    "start": "2026-12-21T00:00Z",
    "end": "2027-01-06T23:59Z",
    "year": 2026,
    "stateCode": "SH",
    "name": "weihnachtsferien",
    "slug": "weihnachtsferien-2026-SH"
  },
  {
    "start": "2026-02-16T00:00Z",
    "end": "2026-02-21T23:59Z",
    "year": 2026,
    "stateCode": "TH",
    "name": "winterferien",
    "slug": "winterferien-2026-TH"
  },
  {
    "start": "2026-04-07T00:00Z",
    "end": "2026-04-17T23:59Z",
    "year": 2026,
    "stateCode": "TH",
    "name": "osterferien",
    "slug": "osterferien-2026-TH"
  },
  {
    "start": "2026-05-15T00:00Z",
    "end": "2026-05-15T23:59Z",
    "year": 2026,
    "stateCode": "TH",
    "name": "pfingstferien",
    "slug": "pfingstferien-2026-TH"
  },
  {
    "start": "2026-07-04T00:00Z",
    "end": "2026-08-14T23:59Z",
    "year": 2026,
    "stateCode": "TH",
    "name": "sommerferien",
    "slug": "sommerferien-2026-TH"
  },
  {
    "start": "2026-10-12T00:00Z",
    "end": "2026-10-24T23:59Z",
    "year": 2026,
    "stateCode": "TH",
    "name": "herbstferien",
    "slug": "herbstferien-2026-TH"
  },
  {
    "start": "2026-12-23T00:00Z",
    "end": "2027-01-02T23:59Z",
    "year": 2026,
    "stateCode": "TH",
    "name": "weihnachtsferien",
    "slug": "weihnachtsferien-2026-TH"
  }
]