[
  {
    "start": "2027-03-25T00:00Z",
    "end": "2027-03-29T23:59Z",
    "year": 2027,
    "stateCode": "BW",
    "name": "osterferien",
    "name_cp": "Osterferien",
    "slug": "osterferien-2027-BW"
  },
  {
    "start": "2027-03-30T00:00Z",
    "end": "2027-04-02T23:59Z",
    "year": 2027,
    "stateCode": "BW",
    "name": "osterferien",
    "name_cp": "Osterferien",
    "slug": "osterferien-2027-BW"
  },
  {
    "start": "2027-05-18T00:00Z",
    "end": "2027-05-28T23:59Z",
    "year": 2027,
    "stateCode": "BW",
    "name": "pfingstferien",
    "name_cp": "Pfingstferien",
    "slug": "pfingstferien-2027-BW"
  },
  {
    "start": "2027-07-29T00:00Z",
    "end": "2027-09-10T23:59Z",
    "year": 2027,
    "stateCode": "BW",
    "name": "sommerferien",
    "name_cp": "Sommerferien",
    "slug": "sommerferien-2027-BW"
  },
  {
    "start": "2027-11-02T00:00Z",
    "end": "2027-11-05T23:59Z",
    "year": 2027,
    "stateCode": "BW",
    "name": "herbstferien",
    "name_cp": "Herbstferien",
    "slug": "herbstferien-2027-BW"
  },
  {
    "start": "2027-12-23T00:00Z",
    "end": "2028-01-07T23:59Z",
    "year": 2027,
    "stateCode": "BW",
    "name": "weihnachtsferien",
    "name_cp": "Weihnachtsferien",
    "slug": "weihnachtsferien-2027-BW"
  },
  {
    "start": "2027-02-08T00:00Z",
    "end": "2027-02-11T23:59Z",
    "year": 2027,
    "stateCode": "BY",
    "name": "winterferien",
    "name_cp": "Winterferien",
    "slug": "winterferien-2027-BY"
  },
  {
    "start": "2027-03-22T00:00Z",
    "end": "2027-04-01T23:59Z",
    "year": 2027,
    "stateCode": "BY",
    "name": "osterferien",
    "name_cp": "Osterferien",
    "slug": "osterferien-2027-BY"
  },
  {
    "start": "2027-05-18T00:00Z",
    "end": "2027-05-27T23:59Z",
    "year": 2027,
    "stateCode": "BY",
    "name": "pfingstferien",
    "name_cp": "Pfingstferien",
    "slug": "pfingstferien-2027-BY"
  },
  {
    "start": "2027-08-02T00:00Z",
    "end": "2027-09-12T23:59Z",
    "year": 2027,
    "stateCode": "BY",
    "name": "sommerferien",
    "name_cp": "Sommerferien",
    "slug": "sommerferien-2027-BY"
  },
  {
    "start": "2027-11-02T00:00Z",
    "end": "2027-11-04T23:59Z",
    "year": 2027,
    "stateCode": "BY",
    "name": "herbstferien",
    "name_cp": "Herbstferien",
    "slug": "herbstferien-2027-BY"
  },
  {
    "start": "2027-11-17T00:00Z",
    "end": "2027-11-17T23:59Z",
    "year": 2027,
    "stateCode": "BY",
    "name": "herbstferien",
    "name_cp": "Herbstferien",
    "slug": "herbstferien-2027-BY"
  },
  {
    "start": "2027-12-24T00:00Z",
    "end": "2028-01-06T23:59Z",
    "year": 2027,
    "stateCode": "BY",
    "name": "weihnachtsferien",
    "name_cp": "Weihnachtsferien",
    "slug": "weihnachtsferien-2027-BY"
  },
  {
    "start": "2027-02-01T00:00Z",
    "end": "2027-02-05T23:59Z",
    "year": 2027,
    "stateCode": "BE",
    "name": "winterferien",
    "name_cp": "Winterferien",
    "slug": "winterferien-2027-BE"
  },
  {
    "start": "2027-03-22T00:00Z",
    "end": "2027-04-01T23:59Z",
    "year": 2027,
    "stateCode": "BE",
    "name": "osterferien",
    "name_cp": "Osterferien",
    "slug": "osterferien-2027-BE"
  },
  {
    "start": "2027-05-07T00:00Z",
    "end": "2027-05-07T23:59Z",
    "year": 2027,
    "stateCode": "BE",
    "name": "osterferien",
    "name_cp": "Osterferien",
    "slug": "osterferien-2027-BE"
  },
  {
    "start": "2027-05-18T00:00Z",
    "end": "2027-05-18T23:59Z",
    "year": 2027,
    "stateCode": "BE",
    "name": "pfingstferien",
    "name_cp": "Pfingstferien",
    "slug": "pfingstferien-2027-BE"
  },
  {
    "start": "2027-07-01T00:00Z",
    "end": "2027-08-13T23:59Z",
    "year": 2027,
    "stateCode": "BE",
    "name": "sommerferien",
    "name_cp": "Sommerferien",
    "slug": "sommerferien-2027-BE"
  },
  {
    "start": "2027-10-11T00:00Z",
    "end": "2027-10-22T23:59Z",
    "year": 2027,
    "stateCode": "BE",
    "name": "herbstferien",
    "name_cp": "Herbstferien",
    "slug": "herbstferien-2027-BE"
  },
  {
    "start": "2027-12-22T00:00Z",
    "end": "2027-12-30T23:59Z",
    "year": 2027,
    "stateCode": "BE",
    "name": "weihnachtsferien",
    "name_cp": "Weihnachtsferien",
    "slug": "weihnachtsferien-2027-BE"
  },
  {
    "start": "2027-02-01T00:00Z",
    "end": "2027-02-05T23:59Z",
    "year": 2027,
    "stateCode": "BB",
    "name": "winterferien",
    "name_cp": "Winterferien",
    "slug": "winterferien-2027-BB"
  },
  {
    "start": "2027-03-22T00:00Z",
    "end": "2027-04-02T23:59Z",
    "year": 2027,
    "stateCode": "BB",
    "name": "osterferien",
    "name_cp": "Osterferien",
    "slug": "osterferien-2027-BB"
  },
  {
    "start": "2027-05-07T00:00Z",
    "end": "2027-05-07T23:59Z",
    "year": 2027,
    "stateCode": "BB",
    "name": "osterferien",
    "name_cp": "Osterferien",
    "slug": "osterferien-2027-BB"
  },
  {
    "start": "2027-05-18T00:00Z",
    "end": "2027-05-18T23:59Z",
    "year": 2027,
    "stateCode": "BB",
    "name": "pfingstferien",
    "name_cp": "Pfingstferien",
    "slug": "pfingstferien-2027-BB"
  },
  {
    "start": "2027-07-01T00:00Z",
    "end": "2027-08-13T23:59Z",
    "year": 2027,
    "stateCode": "BB",
    "name": "sommerferien",
    "name_cp": "Sommerferien",
    "slug": "sommerferien-2027-BB"
  },
  {
    "start": "2027-10-11T00:00Z",
    "end": "2027-10-22T23:59Z",
    "year": 2027,
    "stateCode": "BB",
    "name": "herbstferien",
    "name_cp": "Herbstferien",
    "slug": "herbstferien-2027-BB"
  },
  {
    "start": "2027-12-23T00:00Z",
    "end": "2027-12-30T23:59Z",
    "year": 2027,
    "stateCode": "BB",
    "name": "weihnachtsferien",
    "name_cp": "Weihnachtsferien",
    "slug": "weihnachtsferien-2027-BB"
  },
  {
    "start": "2027-02-01T00:00Z",
    "end": "2027-02-01T23:59Z",
    "year": 2027,
    "stateCode": "HB",
    "name": "winterferien",
    "name_cp": "Winterferien",
    "slug": "winterferien-2027-HB"
  },
  {
    "start": "2027-03-22T00:00Z",
    "end": "2027-04-02T23:59Z",
    "year": 2027,
    "stateCode": "HB",
    "name": "osterferien",
    "name_cp": "Osterferien",
    "slug": "osterferien-2027-HB"
  },
  {
    "start": "2027-05-07T00:00Z",
    "end": "2027-05-07T23:59Z",
    "year": 2027,
    "stateCode": "HB",
    "name": "pfingstferien",
    "name_cp": "Pfingstferien",
    "slug": "pfingstferien-2027-HB"
  },
  {
    "start": "2027-05-18T00:00Z",
    "end": "2027-05-18T23:59Z",
    "year": 2027,
    "stateCode": "HB",
    "name": "pfingstferien",
    "name_cp": "Pfingstferien",
    "slug": "pfingstferien-2027-HB"
  },
  {
    "start": "2027-07-08T00:00Z",
    "end": "2027-08-17T23:59Z",
    "year": 2027,
    "stateCode": "HB",
    "name": "sommerferien",
    "name_cp": "Sommerferien",
    "slug": "sommerferien-2027-HB"
  },
  {
    "start": "2027-10-18T00:00Z",
    "end": "2027-10-29T23:59Z",
    "year": 2027,
    "stateCode": "HB",
    "name": "herbstferien",
    "name_cp": "Herbstferien",
    "slug": "herbstferien-2027-HB"
  },
  {
    "start": "2027-12-23T00:00Z",
    "end": "2028-01-07T23:59Z",
    "year": 2027,
    "stateCode": "HB",
    "name": "weihnachtsferien",
    "name_cp": "Weihnachtsferien",
    "slug": "weihnachtsferien-2027-HB"
  },
  {
    "start": "2027-01-29T00:00Z",
    "end": "2027-01-29T23:59Z",
    "year": 2027,
    "stateCode": "HH",
    "name": "winterferien",
    "name_cp": "Winterferien",
    "slug": "winterferien-2027-HH"
  },
  {
    "start": "2027-03-01T00:00Z",
    "end": "2027-03-11T23:59Z",
    "year": 2027,
    "stateCode": "HH",
    "name": "fruehjahrsferien",
    "name_cp": "Fruehjahrsferien",
    "slug": "fruehjahrsferien-2027-HH"
  },
  {
    "start": "2027-05-07T00:00Z",
    "end": "2027-05-14T23:59Z",
    "year": 2027,
    "stateCode": "HH",
    "name": "pfingstferien",
    "name_cp": "Pfingstferien",
    "slug": "pfingstferien-2027-HH"
  },
  {
    "start": "2027-07-01T00:00Z",
    "end": "2027-08-10T23:59Z",
    "year": 2027,
    "stateCode": "HH",
    "name": "sommerferien",
    "name_cp": "Sommerferien",
    "slug": "sommerferien-2027-HH"
  },
  {
    "start": "2027-10-11T00:00Z",
    "end": "2027-10-21T23:59Z",
    "year": 2027,
    "stateCode": "HH",
    "name": "herbstferien",
    "name_cp": "Herbstferien",
    "slug": "herbstferien-2027-HH"
  },
  {
    "start": "2027-12-20T00:00Z",
    "end": "2027-12-30T23:59Z",
    "year": 2027,
    "stateCode": "HH",
    "name": "weihnachtsferien",
    "name_cp": "Weihnachtsferien",
    "slug": "weihnachtsferien-2027-HH"
  },
  {
    "start": "2027-03-22T00:00Z",
    "end": "2027-04-01T23:59Z",
    "year": 2027,
    "stateCode": "HE",
    "name": "osterferien",
    "name_cp": "Osterferien",
    "slug": "osterferien-2027-HE"
  },
  {
    "start": "2027-06-28T00:00Z",
    "end": "2027-08-05T23:59Z",
    "year": 2027,
    "stateCode": "HE",
    "name": "sommerferien",
    "name_cp": "Sommerferien",
    "slug": "sommerferien-2027-HE"
  },
  {
    "start": "2027-10-04T00:00Z",
    "end": "2027-10-15T23:59Z",
    "year": 2027,
    "stateCode": "HE",
    "name": "herbstferien",
    "name_cp": "Herbstferien",
    "slug": "herbstferien-2027-HE"
  },
  {
    "start": "2027-12-23T00:00Z",
    "end": "2028-01-10T23:59Z",
    "year": 2027,
    "stateCode": "HE",
    "name": "weihnachtsferien",
    "name_cp": "Weihnachtsferien",
    "slug": "weihnachtsferien-2027-HE"
  },
  {
    "start": "2027-02-08T00:00Z",
    "end": "2027-02-18T23:59Z",
    "year": 2027,
    "stateCode": "MV",
    "name": "winterferien",
    "name_cp": "Winterferien",
    "slug": "winterferien-2027-MV"
  },
  {
    "start": "2027-03-24T00:00Z",
    "end": "2027-04-01T23:59Z",
    "year": 2027,
    "stateCode": "MV",
    "name": "osterferien",
    "name_cp": "Osterferien",
    "slug": "osterferien-2027-MV"
  },
  {
    "start": "2027-05-07T00:00Z",
    "end": "2027-05-17T23:59Z",
    "year": 2027,
    "stateCode": "MV",
    "name": "pfingstferien",
    "name_cp": "Pfingstferien",
    "slug": "pfingstferien-2027-MV"
  },
  {
    "start": "2027-07-05T00:00Z",
    "end": "2027-08-13T23:59Z",
    "year": 2027,
    "stateCode": "MV",
    "name": "sommerferien",
    "name_cp": "Sommerferien",
    "slug": "sommerferien-2027-MV"
  },
  {
    "start": "2027-10-14T00:00Z",
    "end": "2027-10-22T23:59Z",
    "year": 2027,
    "stateCode": "MV",
    "name": "herbstferien",
    "name_cp": "Herbstferien",
    "slug": "herbstferien-2027-MV"
  },
  {
    "start": "2027-12-22T00:00Z",
    "end": "2028-01-03T23:59Z",
    "year": 2027,
    "stateCode": "MV",
    "name": "weihnachtsferien",
    "name_cp": "Weihnachtsferien",
    "slug": "weihnachtsferien-2027-MV"
  },
  {
    "start": "2027-02-01T00:00Z",
    "end": "2027-02-01T23:59Z",
    "year": 2027,
    "stateCode": "NI",
    "name": "winterferien",
    "name_cp": "Winterferien",
    "slug": "winterferien-2027-NI"
  },
  {
    "start": "2027-03-22T00:00Z",
    "end": "2027-04-02T23:59Z",
    "year": 2027,
    "stateCode": "NI",
    "name": "osterferien",
    "name_cp": "Osterferien",
    "slug": "osterferien-2027-NI"
  },
  {
    "start": "2027-05-07T00:00Z",
    "end": "2027-05-17T23:59Z",
    "year": 2027,
    "stateCode": "NI",
    "name": "pfingstferien",
    "name_cp": "Pfingstferien",
    "slug": "pfingstferien-2027-NI"
  },
  {
    "start": "2027-07-08T00:00Z",
    "end": "2027-08-17T23:59Z",
    "year": 2027,
    "stateCode": "NI",
    "name": "sommerferien",
    "name_cp": "Sommerferien",
    "slug": "sommerferien-2027-NI"
  },
  {
    "start": "2027-10-16T00:00Z",
    "end": "2027-10-29T23:59Z",
    "year": 2027,
    "stateCode": "NI",
    "name": "herbstferien",
    "name_cp": "Herbstferien",
    "slug": "herbstferien-2027-NI"
  },
  {
    "start": "2027-12-23T00:00Z",
    "end": "2028-01-07T23:59Z",
    "year": 2027,
    "stateCode": "NI",
    "name": "weihnachtsferien",
    "name_cp": "Weihnachtsferien",
    "slug": "weihnachtsferien-2027-NI"
  },
  {
    "start": "2027-03-22T00:00Z",
    "end": "2027-04-02T23:59Z",
    "year": 2027,
    "stateCode": "NW",
    "name": "osterferien",
    "name_cp": "Osterferien",
    "slug": "osterferien-2027-NW"
  },
  {
    "start": "2027-05-18T00:00Z",
    "end": "2027-05-18T23:59Z",
    "year": 2027,
    "stateCode": "NW",
    "name": "pfingstferien",
    "name_cp": "Pfingstferien",
    "slug": "pfingstferien-2027-NW"
  },
  {
    "start": "2027-07-19T00:00Z",
    "end": "2027-08-30T23:59Z",
    "year": 2027,
    "stateCode": "NW",
    "name": "sommerferien",
    "name_cp": "Sommerferien",
    "slug": "sommerferien-2027-NW"
  },
  {
    "start": "2027-10-23T00:00Z",
    "end": "2027-11-05T23:59Z",
    "year": 2027,
    "stateCode": "NW",
    "name": "herbstferien",
    "name_cp": "Herbstferien",
    "slug": "herbstferien-2027-NW"
  },
  {
    "start": "2027-12-24T00:00Z",
    "end": "2028-01-07T23:59Z",
    "year": 2027,
    "stateCode": "NW",
    "name": "weihnachtsferien",
    "name_cp": "Weihnachtsferien",
    "slug": "weihnachtsferien-2027-NW"
  },
  {
    "start": "2027-03-22T00:00Z",
    "end": "2027-04-01T23:59Z",
    "year": 2027,
    "stateCode": "RP",
    "name": "osterferien",
    "name_cp": "Osterferien",
    "slug": "osterferien-2027-RP"
  },
  {
    "start": "2027-06-28T00:00Z",
    "end": "2027-08-05T23:59Z",
    "year": 2027,
    "stateCode": "RP",
    "name": "sommerferien",
    "name_cp": "Sommerferien",
    "slug": "sommerferien-2027-RP"
  },
  {
    "start": "2027-10-04T00:00Z",
    "end": "2027-10-14T23:59Z",
    "year": 2027,
    "stateCode": "RP",
    "name": "herbstferien",
    "name_cp": "Herbstferien",
    "slug": "herbstferien-2027-RP"
  },
  {
    "start": "2027-12-23T00:00Z",
    "end": "2028-01-06T23:59Z",
    "year": 2027,
    "stateCode": "RP",
    "name": "weihnachtsferien",
    "name_cp": "Weihnachtsferien",
    "slug": "weihnachtsferien-2027-RP"
  },
  {
    "start": "2027-02-08T00:00Z",
    "end": "2027-02-11T23:59Z",
    "year": 2027,
    "stateCode": "SL",
    "name": "winterferien",
    "name_cp": "Winterferien",
    "slug": "winterferien-2027-SL"
  },
  {
    "start": "2027-03-30T00:00Z",
    "end": "2027-04-08T23:59Z",
    "year": 2027,
    "stateCode": "SL",
    "name": "osterferien",
    "name_cp": "Osterferien",
    "slug": "osterferien-2027-SL"
  },
  {
    "start": "2027-06-28T00:00Z",
    "end": "2027-08-05T23:59Z",
    "year": 2027,
    "stateCode": "SL",
    "name": "sommerferien",
    "name_cp": "Sommerferien",
    "slug": "sommerferien-2027-SL"
  },
  {
    "start": "2027-10-04T00:00Z",
    "end": "2027-10-14T23:59Z",
    "year": 2027,
    "stateCode": "SL",
    "name": "herbstferien",
    "name_cp": "Herbstferien",
    "slug": "herbstferien-2027-SL"
  },
  {
    "start": "2027-12-20T00:00Z",
    "end": "2027-12-30T23:59Z",
    "year": 2027,
    "stateCode": "SL",
    "name": "weihnachtsferien",
    "name_cp": "Weihnachtsferien",
    "slug": "weihnachtsferien-2027-SL"
  },
  {
    "start": "2027-02-08T00:00Z",
    "end": "2027-02-18T23:59Z",
    "year": 2027,
    "stateCode": "SN",
    "name": "winterferien",
    "name_cp": "Winterferien",
    "slug": "winterferien-2027-SN"
  },
  {
    "start": "2027-03-26T00:00Z",
    "end": "2027-04-01T23:59Z",
    "year": 2027,
    "stateCode": "SN",
    "name": "osterferien",
    "name_cp": "Osterferien",
    "slug": "osterferien-2027-SN"
  },
  {
    "start": "2027-05-07T00:00Z",
    "end": "2027-05-17T23:59Z",
    "year": 2027,
    "stateCode": "SN",
    "name": "pfingstferien",
    "name_cp": "Pfingstferien",
    "slug": "pfingstferien-2027-SN"
  },
  {
    "start": "2027-07-10T00:00Z",
    "end": "2027-08-19T23:59Z",
    "year": 2027,
    "stateCode": "SN",
    "name": "sommerferien",
    "name_cp": "Sommerferien",
    "slug": "sommerferien-2027-SN"
  },
  {
    "start": "2027-10-11T00:00Z",
    "end": "2027-10-22T23:59Z",
    "year": 2027,
    "stateCode": "SN",
    "name": "herbstferien",
    "name_cp": "Herbstferien",
    "slug": "herbstferien-2027-SN"
  },
  {
    "start": "2027-12-23T00:00Z",
    "end": "2027-12-31T23:59Z",
    "year": 2027,
    "stateCode": "SN",
    "name": "weihnachtsferien",
    "name_cp": "Weihnachtsferien",
    "slug": "weihnachtsferien-2027-SN"
  },
  {
    "start": "2027-02-01T00:00Z",
    "end": "2027-02-05T23:59Z",
    "year": 2027,
    "stateCode": "ST",
    "name": "winterferien",
    "name_cp": "Winterferien",
    "slug": "winterferien-2027-ST"
  },
  {
    "start": "2027-03-22T00:00Z",
    "end": "2027-03-26T23:59Z",
    "year": 2027,
    "stateCode": "ST",
    "name": "osterferien",
    "name_cp": "Osterferien",
    "slug": "osterferien-2027-ST"
  },
  {
    "start": "2027-05-15T00:00Z",
    "end": "2027-05-21T23:59Z",
    "year": 2027,
    "stateCode": "ST",
    "name": "pfingstferien",
    "name_cp": "Pfingstferien",
    "slug": "pfingstferien-2027-ST"
  },
  {
    "start": "2027-07-10T00:00Z",
    "end": "2027-08-19T23:59Z",
    "year": 2027,
    "stateCode": "ST",
    "name": "sommerferien",
    "name_cp": "Sommerferien",
    "slug": "sommerferien-2027-ST"
  },
  {
    "start": "2027-10-18T00:00Z",
    "end": "2027-10-22T23:59Z",
    "year": 2027,
    "stateCode": "ST",
    "name": "herbstferien",
    "name_cp": "Herbstferien",
    "slug": "herbstferien-2027-ST"
  },
  {
    "start": "2027-12-20T00:00Z",
    "end": "2027-12-30T23:59Z",
    "year": 2027,
    "stateCode": "ST",
    "name": "weihnachtsferien",
    "name_cp": "Weihnachtsferien",
    "slug": "weihnachtsferien-2027-ST"
  },
  {
    "start": "2027-02-01T00:00Z",
    "end": "2027-02-01T23:59Z",
    "year": 2027,
    "stateCode": "SH",
    "name": "winterferien",
    "name_cp": "Winterferien",
    "slug": "winterferien-2027-SH"
  },
  {
    "start": "2027-03-30T00:00Z",
    "end": "2027-04-09T23:59Z",
    "year": 2027,
    "stateCode": "SH",
    "name": "osterferien",
    "name_cp": "Osterferien",
    "slug": "osterferien-2027-SH"
  },
  {
    "start": "2027-05-07T00:00Z",
    "end": "2027-05-07T23:59Z",
    "year": 2027,
    "stateCode": "SH",
    "name": "pfingstferien",
    "name_cp": "Pfingstferien",
    "slug": "pfingstferien-2027-SH"
  },
  {
    "start": "2027-07-03T00:00Z",
    "end": "2027-08-13T23:59Z",
    "year": 2027,
    "stateCode": "SH",
    "name": "sommerferien",
    "name_cp": "Sommerferien",
    "slug": "sommerferien-2027-SH"
  },
  {
    "start": "2027-10-11T00:00Z",
    "end": "2027-10-22T23:59Z",
    "year": 2027,
    "stateCode": "SH",
    "name": "herbstferien",
    "name_cp": "Herbstferien",
    "slug": "herbstferien-2027-SH"
  },
  {
    "start": "2027-12-23T00:00Z",
    "end": "2028-01-07T23:59Z",
    "year": 2027,
    "stateCode": "SH",
    "name": "weihnachtsferien",
    "name_cp": "Weihnachtsferien",
    "slug": "weihnachtsferien-2027-SH"
  },
  {
    "start": "2027-02-01T00:00Z",
    "end": "2027-02-05T23:59Z",
    "year": 2027,
    "stateCode": "TH",
    "name": "winterferien",
    "name_cp": "Winterferien",
    "slug": "winterferien-2027-TH"
  },
  {
    "start": "2027-03-22T00:00Z",
    "end": "2027-04-02T23:59Z",
    "year": 2027,
    "stateCode": "TH",
    "name": "osterferien",
    "name_cp": "Osterferien",
    "slug": "osterferien-2027-TH"
  },
  {
    "start": "2027-05-07T00:00Z",
    "end": "2027-05-07T23:59Z",
    "year": 2027,
    "stateCode": "TH",
    "name": "pfingstferien",
    "name_cp": "Pfingstferien",
    "slug": "pfingstferien-2027-TH"
  },
  {
    "start": "2027-07-10T00:00Z",
    "end": "2027-08-19T23:59Z",
    "year": 2027,
    "stateCode": "TH",
    "name": "sommerferien",
    "name_cp": "Sommerferien",
    "slug": "sommerferien-2027-TH"
  },
  {
    "start": "2027-10-09T00:00Z",
    "end": "2027-10-22T23:59Z",
    "year": 2027,
    "stateCode": "TH",
    "name": "herbstferien",
    "name_cp": "Herbstferien",
    "slug": "herbstferien-2027-TH"
  },
  {
    "start": "2027-12-23T00:00Z",
    "end": "2027-12-30T23:59Z",
    "year": 2027,
    "stateCode": "TH",
    "name": "weihnachtsferien",
    "name_cp": "Weihnachtsferien",
    "slug": "weihnachtsferien-2027-TH"
  }
]